Workbook
Name TS_DA_SO: '_bk 0805-0059 ⚙️ Tham số'!$C$4
Name TS_TS_VH2: '_bk 0830-1613 ⚙️ Tham số'!$C$16
Name TS_TUT_TOI_DA: '_bk 0807-2143 ⚙️ Tham số'!$C$5
Name TS_NG_BAC: '_bk 0823-2357 ⚙️ Tham số'!$C$6
Name TS_TUT_TOI_DA: '_bk 0805-0113 ⚙️ Tham số'!$C$5
Name TS_NG3: '_bk 0830-1529 ⚙️ Tham số'!$C$10
Name NR_NG_BAC: '_bk 0816-0145 ⚙️ Tham số'!$F$8:$F$12
Name NR_NGUONG_TL: #REF!
Name TS_NG1: '_bk 0830-1613 ⚙️ Tham số'!$C$8
Name TS_PM_ID: '_bk 0830-0410 ⚙️ Tham số'!$C$15
Name NR_DOT_MO: '👥 Nhân sự'!$B$2
Name TS_NG2: '_bk 0807-2133 ⚙️ Tham số'!$C$8
Name NR_NG_TL: '_bk 0830-0410 ⚙️ Tham số'!$C$8:$C$12
Name TS_NG1: '_bk 0809-2346 ⚙️ Tham số'!$C$8
Name TS_DA_SO: '_bk 0824-0030 ⚙️ Tham số'!$C$4
Name TS_NG1: '_bk 0824-0030 ⚙️ Tham số'!$C$8
Name TS_NG3: '_bk 0819-1251 ⚙️ Tham số'!$C$10
Name NR_NG_BAC: '_bk 0809-1844 ⚙️ Tham số'!$F$7:$F$11
Name TS_TS_QL2: '_bk 0830-1529 ⚙️ Tham số'!$C$17
Name TS_TS_CHUYENMON: #REF!
Name NR_NG_TL: '_bk 0904-0304 ⚙️ Tham số'!$C$8:$C$12
Name TS_NG_BAC: '_bk 0831-1630 ⚙️ Tham số'!$C$6
Name TS_NG5: '_bk 0803-1322 ⚙️ Tham số'!$C$13
Name TS_NG3: '_bk 0807-2143 ⚙️ Tham số'!$C$9
Name TS_TS_VANHOA: '_bk 0803-1322 ⚙️ Tham số'!$C$7
Name TS_NG_BAC: '_bk 0816-0145 ⚙️ Tham số'!$C$6
Name TS_DRIVE_ID: '_bk 0807-2234 ⚙️ Tham số'!$C$13
Name TS_NG5: '_bk 0830-0822 ⚙️ Tham số'!$C$12
Name TS_NG1: '_bk 0805-0113 ⚙️ Tham số'!$C$9
Name TS_NG5: '_bk 0816-0145 ⚙️ Tham số'!$C$12
Name NR_DOT_MO: '_bk 0809-1844 👥 Nhân sự'!$B$2
Name TS_TS_QL2: '_bk 0830-1613 ⚙️ Tham số'!$C$17
Name TS_PM_ID: '_bk 0811-0352 ⚙️ Tham số'!$C$15
Name TS_NG4: '_bk 0819-1251 ⚙️ Tham số'!$C$11
Name TS_TS_VH1: '_bk 0830-1613 ⚙️ Tham số'!$C$14
Name NR_NG_BAC: '_bk 0809-2346 ⚙️ Tham số'!$F$8:$F$12
Name TS_NG_BAC: '_bk 0823-2344 ⚙️ Tham số'!$C$6
Name NR_DOT_MO: '_bk 0830-0822 👥 Nhân sự'!$B$2
Name TS_TUT_TOI_DA: '⚙️ Tham số'!$C$5
Name NR_NG_TL: '_bk 0807-1445 ⚙️ Tham số'!$C$7:$C$11
Name TS_TS_CM2: '_bk 0830-0822 ⚙️ Tham số'!$C$18
Name TS_DRIVE_ID: '_bk 0819-1251 ⚙️ Tham số'!$C$14
Name TS_PM_ID: '_bk 0830-1728 ⚙️ Tham số'!$C$21
Name TS_PM_ID: '_bk 0805-0113 ⚙️ Tham số'!$C$16
Name NR_NG_TL: '_bk 0803-1322 ⚙️ Tham số'!$C$9:$C$13
Name TS_NG2: '_bk 0807-2234 ⚙️ Tham số'!$C$8
Name TS_TRAN_CN: #REF!
Name TS_NG3: '_bk 0904-0304 ⚙️ Tham số'!$C$10
Name TS_DRIVE_ID: '_bk 0807-2133 ⚙️ Tham số'!$C$13
Name NR_NG_BAC: '_bk 0830-1529 ⚙️ Tham số'!$F$8:$F$12
Name TS_NG3: '_bk 0807-1423 ⚙️ Tham số'!$C$9
Name TS_NG3: '_bk 0807-2234 ⚙️ Tham số'!$C$9
Name TS_TS_VANHOA: '_bk 0805-0113 ⚙️ Tham số'!$C$7
Name TS_NG5: '_bk 0816-0136 ⚙️ Tham số'!$C$12
Name TS_NG1: '_bk 0816-0136 ⚙️ Tham số'!$C$8
Name TS_PM_ID: '_bk 0824-0030 ⚙️ Tham số'!$C$15
Name TS_NG_BAC: '_bk 0809-2346 ⚙️ Tham số'!$C$6
Name TS_DA_SO: '_bk 0807-1423 ⚙️ Tham số'!$C$4
Name TS_NG4: '_bk 0811-0322 ⚙️ Tham số'!$C$11
Name NR_NG_TL: '_bk 0816-0145 ⚙️ Tham số'!$C$8:$C$12

Sheet 📖 Hướng dẫn
A1: 📖 HƯỚNG DẪN VẬN HÀNH HỆ ĐÁNH GIÁ NHÂN SỰ - Công ty TNHH Nhà Của Thời Thanh Xuân · Phòng Nhân sự - Hành chính - Pháp chế · Phiên bản 6.3 · 4/9/2026, điểm nền ra sheet riêng, sửa đường di cư dòng
A3: I. ĐÂY LÀ FILE GÌ
A4: File gốc | B4: Bảng tính bạn đang mở là FILE GỐC. Nó giữ code, tham số, khung chung, và ma trận cấp bậc kèm giải thích của tất cả các tuyến, mỗi tuyến một sheet. KHÔNG chấm điểm trên file này.
A5: File năm | B5: Mỗi người có ĐÚNG MỘT file cho cả năm, mười hai sheet tháng T01 tới T12 lập sẵn ngay từ lúc tạo. Chốt điểm tháng này xong thì sang tab kế bên, không tạo file mới và không đổi link. File năm không chứa code, nhưng mang theo sheet ma trận và khung chung của tuyến đó.
A6: Vì sao tách hai loại file | B6: Một, mỗi người chỉ thấy file của chính mình, không thấy điểm của người khác. Hai, code nằm một nơi nên sửa một lần là xong, không phải đi sửa hàng chục file.
A7: Ai điền điểm | B7: KHÔNG có người chấm ngồi cân nhắc từng ô. Điểm đầu tháng là mặc định, rồi đi lên đi xuống theo biên bản vi phạm và phiếu ghi nhận mà Phòng Nhân sự - Hành chính - Pháp chế lập. Ứng dụng ghi từng biên bản vào sheet ẩn _log của chính file năm đó.
A8: Điểm mặc định | B8: Nhóm đo VI PHẠM bắt đầu ở 5, tức chưa có biên bản nào. Nhóm đo GHI NHẬN bắt đầu ở 0, tức chưa ghi nhận lần nào. Dòng chữ nhỏ ngay dưới tên mỗi nhóm nói rõ nhóm đó đo chiều nào.
A9: Chiều đo chọn thế nào | B9: Nhóm nêu PHẦN VIỆC ĐƯỢC GIAO thì đo theo chiều vi phạm, vì không làm đúng phần được giao là một lỗi lập được biên bản. Nhóm nêu việc VƯỢT TRÊN phần được giao thì đo theo chiều ghi nhận. Chiều đo khai theo NHÓM, không khai theo từng câu.
A10: Điểm nền của tháng | B10: Điểm nền của một phần chính bằng tỷ lệ câu thuộc nhóm vi phạm của phần đó. Sau đợt 30/8/2026, điểm nền của năm hình dạng phiếu nằm trong khoảng 3,96 tới 4,35 trên thang 5. Bốn hình dạng ra bậc 4, tức hệ số 1,00 đúng bằng mức Công ty dự định trả cho một tháng không có gì xảy ra. Riêng chức năng Nhân sự - Hành chính - Pháp chế cấp quản lý ra bậc 5, xem dòng 2c mục IX.
A12: I b. CHỮ "BẬC" NAY CHỈ CÒN MỘT NGHĨA
A13: Vì sao phải đọc mục này | B13: Tới 30/8/2026 hệ có ba thứ khác hẳn nhau cùng gọi là bậc, và đó là chỗ lẫn nhiều nhất của cả hệ. ✅ CHỐT 31/8/2026 (Sen): chỉ giữ một nghĩa, hai thứ còn lại gọi bằng tên khác.
A14: ĐIỂM, thang 0 tới 5 | B14: Điểm của một câu hỏi. Mặc định đầu tháng là 5 với nhóm đo vi phạm và 0 với nhóm đo ghi nhận, rồi đi lên đi xuống theo biên bản. Gọi là ĐIỂM, không gọi là bậc.
A15: BẬC CÁCH LÀM VIỆC, 1 tới 5 | B15: ⛔ Đây là thứ DUY NHẤT còn được gọi là bậc. ĐI RA từ phiếu mỗi tháng. Điểm tổng tháng quy ra bậc này, rồi tra hệ số 0,10 / 0,40 / 0,90 / 1,00 / 1,10 nhân vào phần P2 của cấp đó. Đây là thứ DUY NHẤT trong phiếu chạm tới tiền hàng tháng. Nhịp NHANH, nâng hạ được trong tháng.
A16: CẤP | B16: Nấc trên con đường thăng tiến, ví dụ Chuyên viên, Lead bộ phận, Trưởng phòng. Trước 31/8/2026 gọi là bậc trong ngạch và ghi bằng số; nay ghi thẳng bằng TÊN. Nguồn duy nhất là 0-Nen-tang/Du-lieu/cap-bac.csv. Nhịp CHẬM, đổi bằng quyết định bổ nhiệm, không đổi theo tháng.
A17: Ngạch Chuyên môn có cấp nào | B17: Tập sự · Nhân viên · Chuyên viên · Chuyên gia. Trần của ngạch là Chuyên gia.
A18: Ngạch Quản lý có cấp nào | B18: Tập sự · Trưởng ca · Lead bộ phận · Quản lý khối · Trưởng phòng · C-Level · Tổng Giám đốc · Người sáng lập.
A19: Hai ngạch so ngang nhau thế nào | B19: Lead bộ phận ngang Chuyên viên, Quản lý khối ngang Chuyên gia: ngang quyền và ngang tiền. Trên nữa chỉ ngạch quản lý còn đi tiếp, tới Trưởng phòng.
A20: ⛔ Ba cấp KHÔNG chấm được | B20: C-Level, Tổng Giám đốc và Người sáng lập xếp bằng quyết định bổ nhiệm và không tụt theo kỳ, nên không đặt ngưỡng ở ba cấp đó.
A21: Đặt ngưỡng cấp cho một câu ở đâu | B21: Ở cột Phạm vi áp dụng của sheet Bộ câu hỏi, ghi "Từ <tên cấp> trở lên", ví dụ "Từ Trưởng phòng trở lên". Đó là cấp THẤP NHẤT mà câu bắt đầu áp dụng. Trên 343 câu hiện có 25 câu đặt ngưỡng, còn lại áp cho mọi người.
A23: II. CÂY THƯ MỤC TRÊN DRIVE
A24: Cấu trúc | B24: <thư mục đang chứa file gốc> / <Năm> / Tuyến <tên> / Đánh giá <Năm> - <Mã nhân sự> - <Họ tên>
A25: Nằm ở đâu | B25: Cây đánh giá nằm NGAY TRONG thư mục đang chứa chính file gốc này, không phải một thư mục riêng ở ngoài. Chuyển file gốc sang thư mục khác thì các năm tạo SAU đó đi theo, còn năm đã tạo TRƯỚC vẫn nằm chỗ cũ và phải kéo tay.
A26: Sắp theo thời gian | B26: Thư mục cấp một là năm nên Drive tự sắp đúng thứ tự thời gian, không cần đánh số tay.
A27: Đổi chỗ thư mục gốc | B27: ĐỂ TRỐNG ô TS_DRIVE_ID là đúng trong hầu hết trường hợp: cây đánh giá tự bám theo thư mục chứa file gốc, nên chuyển file là cây đi theo. Chỉ dán ID vào ô đó khi muốn đặt cây ở một thư mục KHÁC chỗ file gốc đang nằm.
A28: Xem đang nằm ở đâu | B28: Menu 🗂️ Mở thư mục đánh giá chỉ HIỆN tên và đường dẫn thư mục hệ đang dùng. Nó không tạo và không di chuyển gì, bấm bao nhiêu lần cũng không đổi thứ gì.
A30: III. QUY TRÌNH MỘT NĂM
A31: Bước 0 | B31: Menu 🔃 Đồng bộ nhân sự từ People Management. Danh sách nhân sự KHÔNG nhập tay ở đây, nó đọc từ file People Management để hai nơi không giữ hai bản rồi trôi lệch. Sau khi đồng bộ, điền cột Tuyến cho từng người ở sheet 👥 Nhân sự.
A32: Bước 1 | B32: Kiểm tra sheet ⚙️ Tham số xem các ngưỡng và trọng số đã đúng chưa.
A33: Bước 2 | B33: Menu 📅 Tạo file năm cho một người, nhập MÃ NHÂN SỰ. Hoặc 📚 Tạo file năm cho nhiều người, tối đa 6 người một lần. Hệ tự tra tên, vị trí, phòng ban, cấp và tuyến.
A34: Bước 3 | B34: Đưa link file năm cho nhân sự và cho ứng dụng lập biên bản. Trong tháng, mỗi biên bản vi phạm và mỗi phiếu ghi nhận được ứng dụng ghi vào sheet _log và cập nhật ô điểm tương ứng.
A35: Bước 4 | B35: Cuối tháng, đọc khối KẾT QUẢ THÁNG ở đầu sheet tháng đó. Không phải bấm gì, mọi số đều là công thức.
A36: Bước 5 | B36: Menu 📥 Thu kết quả một tháng để dồn kết quả mọi người của tháng đó về sheet 📊 Tổng hợp kỳ. Chạy lại nhiều lần được, dòng cũ của cùng kỳ sẽ bị thay chứ không nhân bản.
A37: Đổi cấp giữa năm | B37: Menu 🔁 Dựng lại các tháng chưa chốt. Nói rõ tháng bắt đầu, các tháng trước giữ nguyên gồm cả điểm đã chốt.
A39: IV. PHIẾU CHO RA MỘT KẾT QUẢ
A40: ⛔ Phiếu nay chỉ cho ra MỘT kết quả | B40: ✅ CHỐT 31/8/2026 (Sen). Hai dòng BẬC TRONG NGẠCH đã bỏ khỏi khối kết quả. Cấp đi qua quyết định bổ nhiệm, không phải thứ một phiếu tháng quyết.
A41: Bậc cách làm việc | B41: Trả lời câu người này LÀM VIỆC THẾ NÀO. Lấy từ ĐIỂM TỔNG THÁNG. Nhịp NHANH, nâng hạ được trong tháng. Đây là kết quả duy nhất của phiếu.
A42: Điểm tổng tháng | B42: Trung bình cộng có trọng số của ba phần. Không giữ vai trò quản lý thì Văn hóa chung 65% và Ngạch chuyên môn 35%. Có giữ vai trò quản lý thì Văn hóa chung 50%, Ngạch quản lý 30%, Ngạch chuyên môn 20%. Năm con số này nằm ở sheet ⚙️ Tham số, mục III.
A43: Không gộp | B43: Cấp và bậc cách làm việc không cộng và không quy đổi cho nhau. Một người có thể được quyết nhiều việc trong khi cách làm việc đang đi xuống, hoặc ngược lại; gộp lại thành một số là xóa mất đúng thông tin cần nhìn.
A44: Từ cấp sang chức danh | B44: Ban lãnh đạo nhìn hai thang chuyên môn và quản lý đang ở đâu rồi tự quyết bổ nhiệm chức danh nào. Phiếu KHÔNG tự quyết việc này.
A45: Từ chức danh sang tiền | B45: Tùy chức danh mà cùng một cấp ra số tiền khác nhau. Bảng đó thuộc quy chế lương, không nằm trong phiếu.
A47: V. VI PHẠM NỘI QUY NỐI SANG TIỀN THẾ NÀO
A48: Phiếu không tự trừ | B48: Mục VI của phiếu liệt kê vi phạm nội quy trong tháng nhưng KHÔNG có công thức trừ điểm hay trừ bậc.
A49: Vì sao | B49: Pháp luật lao động nghiêm cấm phạt tiền và cắt lương thay cho xử lý kỷ luật lao động. Một chuỗi cơ học đi thẳng từ số lần vi phạm sang số bậc rồi sang số tiền là phạt tiền trá hình, mức phạt doanh nghiệp từ 40 tới 80 triệu và buộc hoàn trả toàn bộ tiền đã trừ.
A50: Đường đi thứ nhất | B50: Biên bản vi phạm kéo điểm của đúng những câu mà hành vi đó chạm tới, ở mục II hoặc mục III. Điểm phần xuống thì điểm tổng tháng xuống theo, và bậc cách làm việc xuống theo. Mỗi bước đều truy được về một biên bản cụ thể.
A51: Đường đi thứ hai | B51: Vi phạm cụ thể đi đường kỷ luật lao động riêng. Trong đó có hình thức kéo dài thời hạn nâng bậc tối đa sáu tháng, và hình thức cách chức. Cả hai đều chạm tới tiền một cách hợp pháp.
A52: Điều kiện bắt buộc | B52: Hành vi chỉ xử lý được khi đã được ghi trong nội quy lao động ĐÃ BAN HÀNH. Nội quy của Công ty chưa ban hành, nên tới khi có thì mục VII để trống và ghi rõ là chưa có căn cứ.
A53: Ngoại lệ duy nhất | B53: ✅ CHỐT 11/8/2026 (Sen). Bảo mật thu nhập cá nhân, mục VII của phiếu, CÓ trừ thẳng 1 bậc của Bậc cách làm việc, sàn là bậc 1. Khác mục VII ở ba điểm: chỉ một nghĩa vụ nên chỉ một mức; mức do Ban lãnh đạo ấn định trước chứ không do người chấm quyết trong kỳ; và chỉ chạm Bậc cách làm việc, là bậc nâng hạ được theo tháng, không chạm CẤP vốn nằm trong quyết định bổ nhiệm. ⚠️ Vẫn cần nghĩa vụ này nằm trong hợp đồng lao động hoặc nội quy lao động đã ban hành.
A55: VI. THÊM MỘT TUYẾN MỚI
A56: Bước 1 | B56: Mở Apps Script, file 03_DuLieuTuyen. Thêm một khối vào hằng TUYEN theo đúng cấu trúc đã chú thích ở đầu file đó.
A57: Bước 2 | B57: Lưu, quay lại bảng tính, chạy menu 🔄 Cập nhật phiên bản.
A58: Bước 3 | B58: Tuyến mới xuất hiện trong 📇 Danh mục tuyến, có sheet ma trận riêng, và tạo file năm được ngay.
A59: Không phải sửa | B59: Khung chung, tham số, công thức tính bậc, quy trình tạo file và thu kết quả. Chúng dùng lại cho mọi tuyến.
A60: Tuyến khung rỗng | B60: Tuyến chưa soạn lưới vẫn tạo file năm được và vẫn chấm được mục I ranh giới cùng mục II văn hóa chung. Mục III và mục IV hiện dòng chờ soạn.
A62: VII. CẬP NHẬT PHIÊN BẢN GIỮ GÌ VÀ MẤT GÌ
A63: Giữ nguyên | B63: Các tham số đã chỉnh tay, sheet 📊 Tổng hợp kỳ, và sheet 📜 Nhật ký phiên bản.
A64: Vẽ lại | B64: Toàn bộ cấu trúc, công thức và nội dung ma trận theo code mới.
A65: Sao lưu | B65: Tự chép sheet Tham số và Tổng hợp kỳ vào sheet ẩn có tiền tố _bk trước khi chạy.
A66: ⚠️ Không tự lan | B66: Các FILE NĂM đã tạo trên Drive KHÔNG tự cập nhật theo. Muốn dùng bản mới thì chạy 🔁 Dựng lại các tháng chưa chốt. Tháng đã chốt điểm thì giữ nguyên bản cũ, vì nó là hồ sơ của tháng đó.
A68: VIII. CÁC SHEET TRONG FILE GỐC
A69: 📖 Hướng dẫn | B69: Chính là sheet này. Cách vận hành hệ.
A70: ⚙️ Tham số | B70: Mọi ngưỡng và trọng số. Sửa ở đây, mọi phiếu xuất sau đó tính theo. Không sửa số trong công thức.
A71: 👥 Nhân sự | B71: Danh sách nhân sự, đồng bộ từ People Management. Chỉ cột Tuyến là nhập tay. Ba cột cuối cho biết mỗi người đã đánh giá bao nhiêu lần, kỳ gần nhất và kết quả gần nhất.
A72: 🗂️ Lịch sử đánh giá | B72: Mỗi dòng là một file năm đã tạo, có đường dẫn tới file đó. Đây là chỗ tra lịch sử đánh giá của một người qua các năm.
A73: 🎨 Quy ước trình bày | B73: Quy ước gộp ô của phiếu. Chỉnh trình bày trên một sheet tháng rồi chạy 🎨 Học cách trình bày từ một phiếu, hệ đọc lại và mọi phiếu sau đó làm theo.
A74: 📇 Danh mục tuyến | B74: Danh sách tuyến, trạng thái đủ nội dung hay khung rỗng, ngạch áp dụng, khung bậc.
A75: 🧬 Khung chung | B75: Ranh giới chung, và phần văn hóa chung, đủ mô tả từng mức. Áp cho mọi tuyến.
A76: 📐 … | B76: Ma trận cấp bậc của một tuyến, KÈM PHẦN GIẢI THÍCH CÁCH ĐỌC. Mỗi tuyến một sheet. Sheet này được chép sang file năm khi tạo.
A77: 📊 Tổng hợp kỳ | B77: Kết quả các tháng đã thu về, mỗi người một dòng.
A78: 📜 Nhật ký phiên bản | B78: Ghi lại mỗi lần dựng, cập nhật, tạo file năm, thu kết quả.
A80: VIII b. CÁC SHEET TRONG MỘT FILE NĂM
A81: T01 tới T12 | B81: Phiếu chấm của từng tháng. Số dòng giống hệt nhau ở cả mười hai tháng, vì cùng một tuyến và cùng một cấp thì bộ câu hỏi không đổi trong năm.
A82: Đầu mỗi sheet tháng | B82: Khối KẾT QUẢ THÁNG, địa chỉ cố định ở mọi sheet của mọi người. Ba điểm trung bình phần, điểm tổng có trọng số, ba bậc, trạng thái ranh giới, và bậc tháng trước lấy tự động từ tab bên trái.
A83: _log (ẩn) | B83: Nơi ứng dụng ghi từng biên bản vi phạm và từng phiếu ghi nhận, mỗi thứ một dòng. Cột Tháng, Ngày, Loại, Mã câu, Sự việc, Số hiệu, Người lập, Điểm áp. Ghi thêm dòng vào cuối, không sửa và không xóa dòng cũ.
A84: _chiMuc (ẩn) | B84: Bản đồ mã câu sang số dòng, cộng địa chỉ khối kết quả. Ứng dụng đọc sheet này rồi ghi thẳng vào đúng ô, không dò.
A85: 📝 Nhận xét định tính (ẩn) | B85: Bộ câu hỏi định tính, một bản cho cả năm. Không tính điểm và không sinh ra bậc.
A87: IX. NỘI DUNG CHỜ CHỐT TOÀN HỆ
A88: 1 | B88: ⛔ Ba tham số TS_NG_BAC, TS_DA_SO và TS_TUT_TOI_DA nay KHÔNG CÒN chỗ dùng, vì hai dòng bậc trong ngạch đã bỏ khỏi phiếu ngày 31/8/2026. Chúng vẫn nằm ở sheet Tham số, chờ Ban lãnh đạo quyết bỏ hay giữ.
A89: 1b | B89: Ngưỡng đa số tiêu chí và mức tụt tối đa cho phép. Đang đặt tạm, chưa xếp bậc chính thức được.
A90: 2 | B90: Ngưỡng phần trăm quy đổi ra bậc cách làm việc, chưa hiệu chỉnh bằng dữ liệu thật.
A91: 2b | B91: ✅ ĐÃ XỬ 30/8/2026 qua ba lượt. Điểm nền của tháng chưa có biên bản nào nay là 3,96 tới 4,35 trên thang 5. Xử bằng hai việc: lật 29 nhóm sang chiều đo vi phạm, và chuyển 8 câu nằm nhầm nhóm về đúng nhóm chủ đề. Sáu nhóm cố ý giữ chiều ghi nhận vì nêu việc vượt trên phần được giao: NL1, NL2, NL3, NL4, C8, QF.
A92: 2c | B92: ⚠️ CHƯA XỬ. Chức năng Nhân sự - Hành chính - Pháp chế cấp quản lý có điểm nền 4,35 tức 87%, vượt ngưỡng bậc 5 là 0,85, nên hình dạng phiếu đó bắt đầu tháng ở hệ số 1,10. Bốn hình dạng còn lại ở bậc 4. Sửa thì phải cắt lại ngưỡng, mà ngưỡng là thứ quyết định tiền.
A93: 2c | B93: Trọng số ghép ba phần, mục III sheet ⚙️ Tham số. Đang là 65/35 khi không có quản lý và 50/30/20 khi có. Chưa hiệu chỉnh bằng dữ liệu thật.
A94: 3 | B94: Thời gian tối thiểu ở mỗi bậc, và thời hạn của quyết định xếp bậc.
A95: 4 | B95: Bảng chức danh nhân bậc ra số tiền. Thuộc quy chế lương, chưa ban hành.
A96: 5 | B96: Nội quy lao động, làm căn cứ cho mục vi phạm trong tháng.
A97: 6 | B97: Lưới phân bậc của các tuyến đang ở trạng thái khung rỗng, xem cột Trạng thái ở 📇 Danh mục tuyến.
A98: 7 | B98: Thang cấp bậc chốt 24/8/2026: CÒN HAI NGẠCH, Quản lý và Chuyên môn. Ngạch tay nghề đã bỏ, các tuyến sản xuất và pha chế nay dùng ngạch chuyên môn. Bậc 5 Chuyên gia, bậc 4 Chuyên viên, bậc 3 chưa mở, bậc 2 Nhân viên, bậc 1 Tập sự. Nguồn duy nhất là 0-Nen-tang/Du-lieu/cap-bac.csv.
A99: 8 | B99: Tuyến Phát triển Kinh doanh hiện vẫn chấm TC1 Giao tiếp và Phối hợp, trong khi tuyến Thương mại & Dịch vụ đã bỏ vì trùng B1. Rà lại khi ngạch chuyên môn của tuyến đó có tiêu chí tương đương.
A100: 9 | B100: Bậc thủng trong lưới ngạch quản lý: QB, QC, QE chưa có câu nào ở bậc 4; QD, QF chưa có câu nào ở bậc 6. Công thức đang BỎ QUA bậc thủng và đi tiếp, tức coi như đạt. Soạn thêm câu cho các bậc đó khi lưới bậc được chốt.
A101: 10 | B101: Ranh giới thứ tư, cố tình lừa dối, do TTX bổ sung 9/8/2026 và CHƯA có trong tài liệu đào tạo lẫn nội quy lao động. Ranh giới chặn kết quả nên phải nằm trong nội quy đã ban hành thì mới dùng làm căn cứ kỷ luật được.
A102: 11 | B102: Bộ câu hỏi ngạch của chức năng Nhân sự - Hành chính - Pháp chế chưa gán bậc, nên phần đó chưa ra bậc. Toàn bộ 143 câu của chức năng này khai logic đo là ghi nhận, tức điểm nền bằng 0. Sáu tuyến còn lại chưa có bộ câu hỏi ngạch nào.
A103: 12 | B103: Nghĩa vụ bảo mật thu nhập cá nhân, mục VII của phiếu, CHƯA có trong hợp đồng lao động lẫn nội quy lao động. Mục này trừ thẳng 1 bậc nên phải có căn cứ văn bản trước khi áp cho ai.

Sheet 👥 Nhân sự
A1: 👥 NHÂN SỰ - Đồng bộ từ People Management. Chỉ cột Tuyến là do Công ty gán. Tick ô ▶ để tạo file năm ngay cho người ở dòng đó.
A2: NĂM ĐANG MỞ | B2: 2026 | D2: Đồng bộ lần cuối | G2: Tick ô ▶ là tạo file năm cho người ở dòng đó, gồm mười hai sheet tháng. Danh sách tự đồng bộ mỗi ngày.
A3: Mã NV | B3: Họ tên | C3: ▶ | D3: File năm | E3: Tuyến (gán tay) | F3: Người điếc/ khiếm thính / Người nói | G3: Phòng ban | H3: Vị trí theo Danh mục | I3: Điểm làm việc | J3: Ngày vào làm | K3: Trạng thái | L3: Số lần đã đánh giá | M3: Kỳ gần nhất | N3: Kết quả gần nhất
A4: TTX001 | B4: Võ Thành Luân | C4: FALSE | F4: Người sáng lập - Chủ tịch | G4: Founder - Chairman | H4: Founder | I4: Người nói | J4: Văn phòng | K4: Founder | L4: =COUNTIF('🗂️ Lịch sử đánh giá'!$A:$A,$A4) -> 0 | M4: {=IFERROR(INDEX('🗂️ Lịch sử đánh giá'!$C:$C,MATCH(2,1/('🗂️ Lịch sử đánh giá'!$A:$A=$A4))),"")} | N4: {=IFERROR("CM "&INDEX('🗂️ Lịch sử đánh giá'!$F:$F,MATCH(2,1/('🗂️ Lịch sử đánh giá'!$A:$A=$A4)))&" · QL "&INDEX('🗂️ Lịch sử đánh giá'!$G:$G,MATCH(2,1/('🗂️ Lịch sử đánh giá'!$A:$A=$A4)))&" · CLV "&INDEX('🗂️ Lịch sử đánh giá'!$H:$H,MATCH(2,1/('🗂️ Lịch sử đánh giá'!$A:$A=$A4))),"chưa đánh giá")} -> chưa đánh giá
A5: TTX002 | B5: Nguyễn Hoàn Vũ | C5: FALSE | F5: Tổng Giám đốc | G5: CEO - Chief Executive Officer | H5: C Suite Level (C-Level) | I5: Người nói | J5: Văn phòng | K5: C-Level | L5: =COUNTIF('🗂️ Lịch sử đánh giá'!$A:$A,$A5) -> 0 | M5: {=IFERROR(INDEX('🗂️ Lịch sử đánh giá'!$C:$C,MATCH(2,1/('🗂️ Lịch sử đánh giá'!$A:$A=$A5))),"")} | N5: {=IFERROR("CM "&INDEX('🗂️ Lịch sử đánh giá'!$F:$F,MATCH(2,1/('🗂️ Lịch sử đánh giá'!$A:$A=$A5)))&" · QL "&INDEX('🗂️ Lịch sử đánh giá'!$G:$G,MATCH(2,1/('🗂️ Lịch sử đánh giá'!$A:$A=$A5)))&" · CLV "&INDEX('🗂️ Lịch sử đánh giá'!$H:$H,MATCH(2,1/('🗂️ Lịch sử đánh giá'!$A:$A=$A5))),"chưa đánh giá")} -> chưa đánh giá
A6: TTX005 | B6: Trần Thị Thanh Hải | C6: FALSE | F6: Trưởng phòng Kế toán | G6: Head of Accounting | H6: Kế toán | I6: Người nói | J6: Làm từ xa | K6: Trưởng phòng | L6: =COUNTIF('🗂️ Lịch sử đánh giá'!$A:$A,$A6) -> 0 | M6: {=IFERROR(INDEX('🗂️ Lịch sử đánh giá'!$C:$C,MATCH(2,1/('🗂️ Lịch sử đánh giá'!$A:$A=$A6))),"")} | N6: {=IFERROR("CM "&INDEX('🗂️ Lịch sử đánh giá'!$F:$F,MATCH(2,1/('🗂️ Lịch sử đánh giá'!$A:$A=$A6)))&" · QL "&INDEX('🗂️ Lịch sử đánh giá'!$G:$G,MATCH(2,1/('🗂️ Lịch sử đánh giá'!$A:$A=$A6)))&" · CLV "&INDEX('🗂️ Lịch sử đánh giá'!$H:$H,MATCH(2,1/('🗂️ Lịch sử đánh giá'!$A:$A=$A6))),"chưa đánh giá")} -> chưa đánh giá
A7: TTX003 | B7: Nguyễn Trọng Duy | C7: FALSE | F7: Trưởng phòng Thương mại & Dịch vụ | G7: Head of Commercial & Services | H7: Thương mại & Dịch vụ | I7: Người nói | J7: Văn phòng | K7: Trưởng phòng | L7: =COUNTIF('🗂️ Lịch sử đánh giá'!$A:$A,$A7) -> 0 | M7: {=IFERROR(INDEX('🗂️ Lịch sử đánh giá'!$C:$C,MATCH(2,1/('🗂️ Lịch sử đánh giá'!$A:$A=$A7))),"")} | N7: {=IFERROR("CM "&INDEX('🗂️ Lịch sử đánh giá'!$F:$F,MATCH(2,1/('🗂️ Lịch sử đánh giá'!$A:$A=$A7)))&" · QL "&INDEX('🗂️ Lịch sử đánh giá'!$G:$G,MATCH(2,1/('🗂️ Lịch sử đánh giá'!$A:$A=$A7)))&" · CLV "&INDEX('🗂️ Lịch sử đánh giá'!$H:$H,MATCH(2,1/('🗂️ Lịch sử đánh giá'!$A:$A=$A7))),"chưa đánh giá")} -> chưa đánh giá
A8: TTX004 | B8: Trần Ngọc Phương | C8: FALSE | F8: Quản lý Sản xuất | G8: Production Manager | H8: Sản xuất | I8: Người nói | J8: Xưởng sản xuất | K8: Trưởng phòng | L8: =COUNTIF('🗂️ Lịch sử đánh giá'!$A:$A,$A8) -> 0 | M8: {=IFERROR(INDEX('🗂️ Lịch sử đánh giá'!$C:$C,MATCH(2,1/('🗂️ Lịch sử đánh giá'!$A:$A=$A8))),"")} | N8: {=IFERROR("CM "&INDEX('🗂️ Lịch sử đánh giá'!$F:$F,MATCH(2,1/('🗂️ Lịch sử đánh giá'!$A:$A=$A8)))&" · QL "&INDEX('🗂️ Lịch sử đánh giá'!$G:$G,MATCH(2,1/('🗂️ Lịch sử đánh giá'!$A:$A=$A8)))&" · CLV "&INDEX('🗂️ Lịch sử đánh giá'!$H:$H,MATCH(2,1/('🗂️ Lịch sử đánh giá'!$A:$A=$A8))),"chưa đánh giá")} -> chưa đánh giá
A9: TTX029 | B9: Hồ Đăng Phong | C9: FALSE | F9: Trưởng phòng Phát triển Phần mềm & Tự động hóa | G9: Head of Software Development & Automation | H9: Phát triển Phần mềm & Tự động hóa | I9: Người nói | J9: Văn phòng | K9: Trưởng phòng | L9: =COUNTIF('🗂️ Lịch sử đánh giá'!$A:$A,$A9) -> 1 | M9: {=IFERROR(INDEX('🗂️ Lịch sử đánh giá'!$C:$C,MATCH(2,1/('🗂️ Lịch sử đánh giá'!$A:$A=$A9))),"")} -> 2026-Q3 | N9: {=IFERROR("CM "&INDEX('🗂️ Lịch sử đánh giá'!$F:$F,MATCH(2,1/('🗂️ Lịch sử đánh giá'!$A:$A=$A9)))&" · QL "&INDEX('🗂️ Lịch sử đánh giá'!$G:$G,MATCH(2,1/('🗂️ Lịch sử đánh giá'!$A:$A=$A9)))&" · CLV "&INDEX('🗂️ Lịch sử đánh giá'!$H:$H,MATCH(2,1/('🗂️ Lịch sử đánh giá'!$A:$A=$A9))),"chưa đánh giá")} -> CM · QL · CLV
A10: TTX030 | B10: Đoàn Anh Trung | C10: FALSE | F10: Trưởng phòng Nhân sự - Hành chính - Pháp chế | G10: Head of People & Culture - Administration - Legal | H10: Nhân sự - Hành chính - Pháp chế | I10: Người nói | J10: Văn phòng | K10: Trưởng phòng | L10: =COUNTIF('🗂️ Lịch sử đánh giá'!$A:$A,$A10) -> 0 | M10: {=IFERROR(INDEX('🗂️ Lịch sử đánh giá'!$C:$C,MATCH(2,1/('🗂️ Lịch sử đánh giá'!$A:$A=$A10))),"")} | N10: {=IFERROR("CM "&INDEX('🗂️ Lịch sử đánh giá'!$F:$F,MATCH(2,1/('🗂️ Lịch sử đánh giá'!$A:$A=$A10)))&" · QL "&INDEX('🗂️ Lịch sử đánh giá'!$G:$G,MATCH(2,1/('🗂️ Lịch sử đánh giá'!$A:$A=$A10)))&" · CLV "&INDEX('🗂️ Lịch sử đánh giá'!$H:$H,MATCH(2,1/('🗂️ Lịch sử đánh giá'!$A:$A=$A10))),"chưa đánh giá")} -> chưa đánh giá
A11: TTX019 | B11: Ngô Thị Thúy Lộc | C11: FALSE | F11: Kế toán chức năng | G11: Functional Accountant | H11: Kế toán chức năng & Thuế | I11: Người nói | J11: Làm từ xa | K11: Nhân viên | L11: =COUNTIF('🗂️ Lịch sử đánh giá'!$A:$A,$A11) -> 0 | M11: {=IFERROR(INDEX('🗂️ Lịch sử đánh giá'!$C:$C,MATCH(2,1/('🗂️ Lịch sử đánh giá'!$A:$A=$A11))),"")} | N11: {=IFERROR("CM "&INDEX('🗂️ Lịch sử đánh giá'!$F:$F,MATCH(2,1/('🗂️ Lịch sử đánh giá'!$A:$A=$A11)))&" · QL "&INDEX('🗂️ Lịch sử đánh giá'!$G:$G,MATCH(2,1/('🗂️ Lịch sử đánh giá'!$A:$A=$A11)))&" · CLV "&INDEX('🗂️ Lịch sử đánh giá'!$H:$H,MATCH(2,1/('🗂️ Lịch sử đánh giá'!$A:$A=$A11))),"chưa đánh giá")} -> chưa đánh giá
A12: TTX021 | B12: Nguyễn Thị Thư | C12: FALSE | F12: Kế toán chức năng | G12: Functional Accountant | H12: Kế toán chức năng & Thuế | I12: Người nói | J12: Làm từ xa | K12: Nhân viên | L12: =COUNTIF('🗂️ Lịch sử đánh giá'!$A:$A,$A12) -> 0 | M12: {=IFERROR(INDEX('🗂️ Lịch sử đánh giá'!$C:$C,MATCH(2,1/('🗂️ Lịch sử đánh giá'!$A:$A=$A12))),"")} | N12: {=IFERROR("CM "&INDEX('🗂️ Lịch sử đánh giá'!$F:$F,MATCH(2,1/('🗂️ Lịch sử đánh giá'!$A:$A=$A12)))&" · QL "&INDEX('🗂️ Lịch sử đánh giá'!$G:$G,MATCH(2,1/('🗂️ Lịch sử đánh giá'!$A:$A=$A12)))&" · CLV "&INDEX('🗂️ Lịch sử đánh giá'!$H:$H,MATCH(2,1/('🗂️ Lịch sử đánh giá'!$A:$A=$A12))),"chưa đánh giá")} -> chưa đánh giá
A13: TTX020 | B13: Nguyễn Hoàng Thủy Nguyên | C13: FALSE | F13: Kế toán chức năng | G13: Functional Accountant | H13: Kế toán chức năng & Thuế | I13: Người nói | J13: Làm từ xa | K13: Nhân viên | L13: =COUNTIF('🗂️ Lịch sử đánh giá'!$A:$A,$A13) -> 0 | M13: {=IFERROR(INDEX('🗂️ Lịch sử đánh giá'!$C:$C,MATCH(2,1/('🗂️ Lịch sử đánh giá'!$A:$A=$A13))),"")} | N13: {=IFERROR("CM "&INDEX('🗂️ Lịch sử đánh giá'!$F:$F,MATCH(2,1/('🗂️ Lịch sử đánh giá'!$A:$A=$A13)))&" · QL "&INDEX('🗂️ Lịch sử đánh giá'!$G:$G,MATCH(2,1/('🗂️ Lịch sử đánh giá'!$A:$A=$A13)))&" · CLV "&INDEX('🗂️ Lịch sử đánh giá'!$H:$H,MATCH(2,1/('🗂️ Lịch sử đánh giá'!$A:$A=$A13))),"chưa đánh giá")} -> chưa đánh giá
A14: TTX023 | B14: Nguyễn Lê Phương Uyên | C14: FALSE | F14: Nhân viên Thương mại điện tử | G14: E-commerce Staff | H14: Thương mại & Dịch vụ | I14: Người nói | J14: Văn phòng | K14: Nhân viên | L14: =COUNTIF('🗂️ Lịch sử đánh giá'!$A:$A,$A14) -> 0 | M14: {=IFERROR(INDEX('🗂️ Lịch sử đánh giá'!$C:$C,MATCH(2,1/('🗂️ Lịch sử đánh giá'!$A:$A=$A14))),"")} | N14: {=IFERROR("CM "&INDEX('🗂️ Lịch sử đánh giá'!$F:$F,MATCH(2,1/('🗂️ Lịch sử đánh giá'!$A:$A=$A14)))&" · QL "&INDEX('🗂️ Lịch sử đánh giá'!$G:$G,MATCH(2,1/('🗂️ Lịch sử đánh giá'!$A:$A=$A14)))&" · CLV "&INDEX('🗂️ Lịch sử đánh giá'!$H:$H,MATCH(2,1/('🗂️ Lịch sử đánh giá'!$A:$A=$A14))),"chưa đánh giá")} -> chưa đánh giá
A15: TTX007 | B15: A Mỹ Ngọc | C15: FALSE | F15: Nhân viên CSKH online | G15: Online Customer Service | H15: Thương mại & Dịch vụ | I15: Người nói | J15: Làm từ xa | K15: Nhân viên | L15: =COUNTIF('🗂️ Lịch sử đánh giá'!$A:$A,$A15) -> 0 | M15: {=IFERROR(INDEX('🗂️ Lịch sử đánh giá'!$C:$C,MATCH(2,1/('🗂️ Lịch sử đánh giá'!$A:$A=$A15))),"")} | N15: {=IFERROR("CM "&INDEX('🗂️ Lịch sử đánh giá'!$F:$F,MATCH(2,1/('🗂️ Lịch sử đánh giá'!$A:$A=$A15)))&" · QL "&INDEX('🗂️ Lịch sử đánh giá'!$G:$G,MATCH(2,1/('🗂️ Lịch sử đánh giá'!$A:$A=$A15)))&" · CLV "&INDEX('🗂️ Lịch sử đánh giá'!$H:$H,MATCH(2,1/('🗂️ Lịch sử đánh giá'!$A:$A=$A15))),"chưa đánh giá")} -> chưa đánh giá
... A33: TTX018 | B33: Nguyễn Thị Thùy | C33: FALSE | F33: Nhân viên Kho & Đóng gói | G33: Warehouse & Packaging Staff | H33: Kho & Đóng gói | I33: Người nói | J33: Kho & Đóng gói | K33: Nhân viên | L33: =COUNTIF('🗂️ Lịch sử đánh giá'!$A:$A,$A33) -> 0 | M33: {=IFERROR(INDEX('🗂️ Lịch sử đánh giá'!$C:$C,MATCH(2,1/('🗂️ Lịch sử đánh giá'!$A:$A=$A33))),"")} | N33: {=IFERROR("CM "&INDEX('🗂️ Lịch sử đánh giá'!$F:$F,MATCH(2,1/('🗂️ Lịch sử đánh giá'!$A:$A=$A33)))&" · QL "&INDEX('🗂️ Lịch sử đánh giá'!$G:$G,MATCH(2,1/('🗂️ Lịch sử đánh giá'!$A:$A=$A33)))&" · CLV "&INDEX('🗂️ Lịch sử đánh giá'!$H:$H,MATCH(2,1/('🗂️ Lịch sử đánh giá'!$A:$A=$A33))),"chưa đánh giá")} -> chưa đánh giá

Sheet ⚙️ Tham số
A1: ⚙️ THAM SỐ - Sửa ở đây, mọi phiếu tính lại theo. Không bao giờ sửa số trực tiếp trong công thức.
A2: Nhóm | B2: Tham số | C2: Giá trị | D2: Đơn vị | E2: Giải thích | F2: Bậc
A3: I. GHÉP RA BẬC TRONG NGẠCH
B4: Ngưỡng đa số tiêu chí | C4: 0.6 | D4: tỷ lệ | E4: Chỉ dùng cho tuyến KHÔNG có thang cộng dồn. Người đó được coi là ở bậc b khi đạt bậc b ở ít nhất tỷ lệ này của số tiêu chí trong phạm vi. ⚠️ Chưa được chốt.
B5: Mức tụt tối đa cho phép | C5: 1 | D5: nấc | E5: ⛔ KHÔNG CÒN CHỖ DÙNG từ 31/8/2026. Hai dòng bậc trong ngạch đã bỏ khỏi phiếu, nên tham số này không đi vào công thức nào nữa. Giữ lại chờ Ban lãnh đạo quyết bỏ hay giữ.
B6: Ngưỡng đạt của một dải cấp | C6: 0.8 | D6: tỷ lệ đạt | E6: ⛔ KHÔNG CÒN CHỖ DÙNG từ 31/8/2026, cùng lý do dòng trên.
A7: II. GHÉP RA BẬC CÁCH LÀM VIỆC
B8: Ngưỡng ra bậc 1 | C8: 0 | D8: tỷ lệ đạt | E8: Tỷ lệ đạt của phần cách làm việc, quy ra bậc. ⚠️ Chưa hiệu chỉnh bằng dữ liệu thật. | F8: 1
B9: Ngưỡng ra bậc 2 | C9: 0.4 | D9: tỷ lệ đạt | F9: 2
B10: Ngưỡng ra bậc 3 | C10: 0.55 | D10: tỷ lệ đạt | F10: 3
B11: Ngưỡng ra bậc 4 | C11: 0.7 | D11: tỷ lệ đạt | F11: 4
B12: Ngưỡng ra bậc 5 | C12: 0.85 | D12: tỷ lệ đạt | F12: 5
A13: III. TRỌNG SỐ GHÉP RA ĐIỂM TỔNG THÁNG
B14: Văn hóa chung, khi KHÔNG có ngạch quản lý | C14: 0.65 | D14: trọng số | E14: Áp cho nhân sự chỉ chấm hai phần là văn hóa chung và ngạch chuyên môn. Cặp này phải cộng lại bằng 100%.
B15: Ngạch chuyên môn, khi KHÔNG có ngạch quản lý | C15: 0.35 | D15: trọng số
B16: Văn hóa chung, khi CÓ ngạch quản lý | C16: 0.5 | D16: trọng số | E16: Áp cho nhân sự chấm cả ba phần. Bộ ba này phải cộng lại bằng 100%.
B17: Ngạch quản lý, khi CÓ ngạch quản lý | C17: 0.3 | D17: trọng số
B18: Ngạch chuyên môn, khi CÓ ngạch quản lý | C18: 0.2 | D18: trọng số
A19: IV. NỐI VỚI DRIVE VÀ VỚI FILE PEOPLE MANAGEMENT
B20: ID thư mục chứa các đợt | D20: ID Drive | E20: ĐỂ TRỐNG là đúng trong hầu hết trường hợp: hệ tự dùng chính thư mục đang chứa file gốc này, nên cây đánh giá luôn nằm trong thư mục People cùng chỗ với file gốc. Chỉ dán ID vào đây khi muốn đặt các đợt ở một thư mục khác.
B21: ID file People Management | C21: 1Ruf3EeXiaiV0Jifnewe-HefXW4ncZHJvlItuoti4vus | D21: ID Drive | E21: Nguồn danh sách nhân sự. Menu 🔃 Đồng bộ nhân sự đọc sheet "👥 Nhân sự" của file này. Danh sách nhân sự KHÔNG nhập tay ở đây, để tránh hai nơi cùng giữ một dữ liệu rồi trôi lệch.
A22: V. NGUYÊN TẮC CỐ ĐỊNH, KHÔNG PHẢI THAM SỐ
B23: Điểm mặc định đầu tháng, nhóm đo VI PHẠM | C23: 5 | D23: điểm | E23: Đầu tháng chưa có biên bản nào thì câu ở nhóm đo vi phạm đứng ở 5, tức chưa vi phạm lần nào. Mỗi biên bản vi phạm kéo điểm xuống.
B24: Điểm mặc định đầu tháng, nhóm đo GHI NHẬN | C24: 0 | D24: điểm | E24: Đầu tháng chưa có phiếu nào thì câu ở nhóm đo ghi nhận đứng ở 0, tức chưa ghi nhận lần nào. Mỗi phiếu ghi nhận đẩy điểm lên.
B25: Phiếu tự xếp CẤP cho nhân sự | C25: Không | E25: ✅ CHỐT 31/8/2026 (Sen). Cấp, tức Chuyên viên, Lead bộ phận, Trưởng phòng, đi qua quyết định bổ nhiệm chứ không do một phiếu tháng quyết. Phiếu chỉ cho ra BẬC CÁCH LÀM VIỆC.
B26: Vi phạm nội quy trừ thẳng ra bậc và ra tiền | C26: Không, trừ một ngoại lệ | E26: Pháp luật lao động nghiêm cấm phạt tiền và cắt lương thay cho xử lý kỷ luật. Vi phạm là MỘT TRONG NHIỀU căn cứ khi chấm trụ văn hóa, không có công thức tự trừ. Muốn xử nặng thì đi đường kỷ luật lao động, trong đó có hình thức kéo dài thời hạn nâng bậc tối đa 6 tháng. NGOẠI LỆ DUY NHẤT, ✅ CHỐT 11/8/2026 (Sen): vi phạm bảo mật thu nhập cá nhân, mục VII của phiếu, trừ thẳng 1 bậc của Bậc cách làm việc, sàn là bậc 1. Chỉ trừ vào bậc đó, không đụng tới CẤP của người đó. ⚠️ Điều kiện để dùng làm căn cứ: nghĩa vụ bảo mật thu nhập phải nằm trong hợp đồng lao động hoặc nội quy lao động đã ban hành.
B27: Tiêu chí ngoài phạm vi tính là chưa đạt | C27: Không | E27: Đặt cột Thuộc phạm vi bằng Không thì ô đó rời khỏi cả tử số lẫn mẫu số.
B28: Phiếu tự quy kết quả ra số tiền | C28: Không | E28: Phiếu dừng ở bậc cách làm việc. Ban lãnh đạo nhìn hai thang chuyên môn và quản lý để quyết bổ nhiệm chức danh; chức danh nào ứng với số tiền nào do quy chế lương quy định.

Sheet 📚 Bộ câu hỏi
A1: 📚 BỘ CÂU HỎI ĐÁNH GIÁ - NGUỒN DUY NHẤT của bộ câu hỏi. Dòng nền xanh đậm là một PHẦN, dòng nền xanh nhạt là một NHÓM, dòng trắng là một CÂU. Cột A bật tắt đúng thứ nằm trên dòng đó. Điểm nền xem sheet 📊 Điểm nền.
A2: Kích hoạt | B2: Phần | C2: Tuyến | D2: Mã nhóm | E2: Tên nhóm | F2: Chiều đo | G2: Mã câu | H2: Câu hỏi | I2: Phạm vi áp dụng | J2: Ghi chú | K2: Vào phiếu | L2: Khóa
A3: Có | B3: Chung | K3: {=IF($B3="","",IF($A3<>"Có","Không",IF($G3="","Có",IF(IFERROR(INDEX('📚 Bộ câu hỏi'!$A$3:$A1059,MATCH($B3&"|"&$C3&"|",'📚 Bộ câu hỏi'!$L$3:$L1059,0)),"Có")="Không","Không",IF(IFERROR(INDEX('📚 Bộ câu hỏi'!$A$3:$A1059,MATCH($B3&"|"&$C3&"|"&$D3,'📚 Bộ câu hỏi'!$L$3:$L1059,0)),"Có")="Không","Không","Có")))))} -> Có | L3: =IF($B3="","",$B3&"|"&$C3&"|"&$D3) -> Chung||
A4: Có | B4: Chung | D4: VH1 | E4: ONE VOICE, MỘT TIẾNG NÓI THỐNG NHẤT | F4: vi phạm | K4: {=IF($B4="","",IF($A4<>"Có","Không",IF($G4="","Có",IF(IFERROR(INDEX('📚 Bộ câu hỏi'!$A$3:$A1059,MATCH($B4&"|"&$C4&"|",'📚 Bộ câu hỏi'!$L$3:$L1059,0)),"Có")="Không","Không",IF(IFERROR(INDEX('📚 Bộ câu hỏi'!$A$3:$A1059,MATCH($B4&"|"&$C4&"|"&$D4,'📚 Bộ câu hỏi'!$L$3:$L1059,0)),"Có")="Không","Không","Có")))))} -> Có | L4: =IF($B4="","",$B4&"|"&$C4&"|"&$D4) -> Chung||VH1
A5: Có | B5: Chung | D5: VH1 | E5: ONE VOICE, MỘT TIẾNG NÓI THỐNG NHẤT | F5: vi phạm | G5: VH1.1 | H5: Nhân sự có phát ngôn cá nhân trái định hướng chung của Công ty | I5: Tất cả nhân sự | K5: {=IF($B5="","",IF($A5<>"Có","Không",IF($G5="","Có",IF(IFERROR(INDEX('📚 Bộ câu hỏi'!$A$3:$A1059,MATCH($B5&"|"&$C5&"|",'📚 Bộ câu hỏi'!$L$3:$L1059,0)),"Có")="Không","Không",IF(IFERROR(INDEX('📚 Bộ câu hỏi'!$A$3:$A1059,MATCH($B5&"|"&$C5&"|"&$D5,'📚 Bộ câu hỏi'!$L$3:$L1059,0)),"Có")="Không","Không","Có")))))} -> Có | L5: =IF($B5="","",$B5&"|"&$C5&"|"&$D5) -> Chung||VH1
A6: Có | B6: Chung | D6: VH1 | E6: ONE VOICE, MỘT TIẾNG NÓI THỐNG NHẤT | F6: vi phạm | G6: VH1.2 | H6: Nhân sự truyền đạt thông tin chưa được xác nhận | I6: Tất cả nhân sự | K6: {=IF($B6="","",IF($A6<>"Có","Không",IF($G6="","Có",IF(IFERROR(INDEX('📚 Bộ câu hỏi'!$A$3:$A1059,MATCH($B6&"|"&$C6&"|",'📚 Bộ câu hỏi'!$L$3:$L1059,0)),"Có")="Không","Không",IF(IFERROR(INDEX('📚 Bộ câu hỏi'!$A$3:$A1059,MATCH($B6&"|"&$C6&"|"&$D6,'📚 Bộ câu hỏi'!$L$3:$L1059,0)),"Có")="Không","Không","Có")))))} -> Có | L6: =IF($B6="","",$B6&"|"&$C6&"|"&$D6) -> Chung||VH1
A7: Có | B7: Chung | D7: VH1 | E7: ONE VOICE, MỘT TIẾNG NÓI THỐNG NHẤT | F7: vi phạm | G7: VH1.3 | H7: Nhân sự dùng sai hoặc bỏ qua kịch bản và quy chuẩn giao tiếp đã ban hành, cả với khách và trong nội bộ | I7: Tất cả nhân sự | K7: {=IF($B7="","",IF($A7<>"Có","Không",IF($G7="","Có",IF(IFERROR(INDEX('📚 Bộ câu hỏi'!$A$3:$A1059,MATCH($B7&"|"&$C7&"|",'📚 Bộ câu hỏi'!$L$3:$L1059,0)),"Có")="Không","Không",IF(IFERROR(INDEX('📚 Bộ câu hỏi'!$A$3:$A1059,MATCH($B7&"|"&$C7&"|"&$D7,'📚 Bộ câu hỏi'!$L$3:$L1059,0)),"Có")="Không","Không","Có")))))} -> Có | L7: =IF($B7="","",$B7&"|"&$C7&"|"&$D7) -> Chung||VH1
A8: Có | B8: Chung | D8: VH1 | E8: ONE VOICE, MỘT TIẾNG NÓI THỐNG NHẤT | F8: vi phạm | G8: VH1.4 | H8: Nhân sự tự ý trả lời khách hoặc đồng nghiệp thông tin chưa chắc chắn thay vì xác nhận lại với người có thẩm quyền | I8: Tất cả nhân sự | K8: {=IF($B8="","",IF($A8<>"Có","Không",IF($G8="","Có",IF(IFERROR(INDEX('📚 Bộ câu hỏi'!$A$3:$A1059,MATCH($B8&"|"&$C8&"|",'📚 Bộ câu hỏi'!$L$3:$L1059,0)),"Có")="Không","Không",IF(IFERROR(INDEX('📚 Bộ câu hỏi'!$A$3:$A1059,MATCH($B8&"|"&$C8&"|"&$D8,'📚 Bộ câu hỏi'!$L$3:$L1059,0)),"Có")="Không","Không","Có")))))} -> Có | L8: =IF($B8="","",$B8&"|"&$C8&"|"&$D8) -> Chung||VH1
A9: Có | B9: Chung | D9: VH1 | E9: ONE VOICE, MỘT TIẾNG NÓI THỐNG NHẤT | F9: vi phạm | G9: VH1.5 | H9: Nhân sự truyền đạt chính sách hoặc quyết định sai lệch, thiếu sót nội dung so với văn bản gốc đã ban hành | I9: Tất cả nhân sự | K9: {=IF($B9="","",IF($A9<>"Có","Không",IF($G9="","Có",IF(IFERROR(INDEX('📚 Bộ câu hỏi'!$A$3:$A1059,MATCH($B9&"|"&$C9&"|",'📚 Bộ câu hỏi'!$L$3:$L1059,0)),"Có")="Không","Không",IF(IFERROR(INDEX('📚 Bộ câu hỏi'!$A$3:$A1059,MATCH($B9&"|"&$C9&"|"&$D9,'📚 Bộ câu hỏi'!$L$3:$L1059,0)),"Có")="Không","Không","Có")))))} -> Có | L9: =IF($B9="","",$B9&"|"&$C9&"|"&$D9) -> Chung||VH1
A10: Có | B10: Chung | D10: VH2 | E10: OUTCOME, KẾT QUẢ CẦN ĐẠT THEO TIÊU CHÍ SMART | F10: vi phạm | K10: {=IF($B10="","",IF($A10<>"Có","Không",IF($G10="","Có",IF(IFERROR(INDEX('📚 Bộ câu hỏi'!$A$3:$A1059,MATCH($B10&"|"&$C10&"|",'📚 Bộ câu hỏi'!$L$3:$L1059,0)),"Có")="Không","Không",IF(IFERROR(INDEX('📚 Bộ câu hỏi'!$A$3:$A1059,MATCH($B10&"|"&$C10&"|"&$D10,'📚 Bộ câu hỏi'!$L$3:$L1059,0)),"Có")="Không","Không","Có")))))} -> Có | L10: =IF($B10="","",$B10&"|"&$C10&"|"&$D10) -> Chung||VH2
A11: Có | B11: Chung | D11: VH2 | E11: OUTCOME, KẾT QUẢ CẦN ĐẠT THEO TIÊU CHÍ SMART | F11: vi phạm | G11: VH2.1 | H11: Nhân sự nhận việc mà không nêu được kết quả cần đạt, chỉ mô tả các hoạt động sẽ làm | I11: Tất cả nhân sự | K11: {=IF($B11="","",IF($A11<>"Có","Không",IF($G11="","Có",IF(IFERROR(INDEX('📚 Bộ câu hỏi'!$A$3:$A1059,MATCH($B11&"|"&$C11&"|",'📚 Bộ câu hỏi'!$L$3:$L1059,0)),"Có")="Không","Không",IF(IFERROR(INDEX('📚 Bộ câu hỏi'!$A$3:$A1059,MATCH($B11&"|"&$C11&"|"&$D11,'📚 Bộ câu hỏi'!$L$3:$L1059,0)),"Có")="Không","Không","Có")))))} -> Có | L11: =IF($B11="","",$B11&"|"&$C11&"|"&$D11) -> Chung||VH2
A12: Có | B12: Chung | D12: VH2 | E12: OUTCOME, KẾT QUẢ CẦN ĐẠT THEO TIÊU CHÍ SMART | F12: vi phạm | G12: VH2.2 | H12: Kết quả cần đạt do nhân sự nêu không đo được bằng số hoặc bằng dữ kiện kiểm chứng được | I12: Tất cả nhân sự | K12: {=IF($B12="","",IF($A12<>"Có","Không",IF($G12="","Có",IF(IFERROR(INDEX('📚 Bộ câu hỏi'!$A$3:$A1059,MATCH($B12&"|"&$C12&"|",'📚 Bộ câu hỏi'!$L$3:$L1059,0)),"Có")="Không","Không",IF(IFERROR(INDEX('📚 Bộ câu hỏi'!$A$3:$A1059,MATCH($B12&"|"&$C12&"|"&$D12,'📚 Bộ câu hỏi'!$L$3:$L1059,0)),"Có")="Không","Không","Có")))))} -> Có | L12: =IF($B12="","",$B12&"|"&$C12&"|"&$D12) -> Chung||VH2
A13: Có | B13: Chung | D13: VH2 | E13: OUTCOME, KẾT QUẢ CẦN ĐẠT THEO TIÊU CHÍ SMART | F13: vi phạm | G13: VH2.3 | H13: Kết quả cần đạt do nhân sự nêu không khả thi với nguồn lực và thời gian đang có | I13: Tất cả nhân sự | K13: {=IF($B13="","",IF($A13<>"Có","Không",IF($G13="","Có",IF(IFERROR(INDEX('📚 Bộ câu hỏi'!$A$3:$A1059,MATCH($B13&"|"&$C13&"|",'📚 Bộ câu hỏi'!$L$3:$L1059,0)),"Có")="Không","Không",IF(IFERROR(INDEX('📚 Bộ câu hỏi'!$A$3:$A1059,MATCH($B13&"|"&$C13&"|"&$D13,'📚 Bộ câu hỏi'!$L$3:$L1059,0)),"Có")="Không","Không","Có")))))} -> Có | L13: =IF($B13="","",$B13&"|"&$C13&"|"&$D13) -> Chung||VH2
A14: Có | B14: Chung | D14: VH2 | E14: OUTCOME, KẾT QUẢ CẦN ĐẠT THEO TIÊU CHÍ SMART | F14: vi phạm | G14: VH2.4 | H14: Kết quả cần đạt do nhân sự nêu không phục vụ đúng mục tiêu của bộ phận | I14: Tất cả nhân sự | K14: {=IF($B14="","",IF($A14<>"Có","Không",IF($G14="","Có",IF(IFERROR(INDEX('📚 Bộ câu hỏi'!$A$3:$A1059,MATCH($B14&"|"&$C14&"|",'📚 Bộ câu hỏi'!$L$3:$L1059,0)),"Có")="Không","Không",IF(IFERROR(INDEX('📚 Bộ câu hỏi'!$A$3:$A1059,MATCH($B14&"|"&$C14&"|"&$D14,'📚 Bộ câu hỏi'!$L$3:$L1059,0)),"Có")="Không","Không","Có")))))} -> Có | L14: =IF($B14="","",$B14&"|"&$C14&"|"&$D14) -> Chung||VH2
A15: Có | B15: Chung | D15: VH2 | E15: OUTCOME, KẾT QUẢ CẦN ĐẠT THEO TIÊU CHÍ SMART | F15: vi phạm | G15: VH2.5 | H15: Kết quả cần đạt do nhân sự nêu không có thời hạn rõ ràng | I15: Tất cả nhân sự | K15: {=IF($B15="","",IF($A15<>"Có","Không",IF($G15="","Có",IF(IFERROR(INDEX('📚 Bộ câu hỏi'!$A$3:$A1059,MATCH($B15&"|"&$C15&"|",'📚 Bộ câu hỏi'!$L$3:$L1059,0)),"Có")="Không","Không",IF(IFERROR(INDEX('📚 Bộ câu hỏi'!$A$3:$A1059,MATCH($B15&"|"&$C15&"|"&$D15,'📚 Bộ câu hỏi'!$L$3:$L1059,0)),"Có")="Không","Không","Có")))))} -> Có | L15: =IF($B15="","",$B15&"|"&$C15&"|"&$D15) -> Chung||VH2
A16: Có | B16: Chung | D16: VH2 | E16: OUTCOME, KẾT QUẢ CẦN ĐẠT THEO TIÊU CHÍ SMART | F16: vi phạm | G16: VH2.6 | H16: Nhân sự không chủ động báo cáo nghiệm thu kết quả công việc bằng số liệu hoặc dữ kiện thực tế khi đến hạn | I16: Tất cả nhân sự | K16: {=IF($B16="","",IF($A16<>"Có","Không",IF($G16="","Có",IF(IFERROR(INDEX('📚 Bộ câu hỏi'!$A$3:$A1059,MATCH($B16&"|"&$C16&"|",'📚 Bộ câu hỏi'!$L$3:$L1059,0)),"Có")="Không","Không",IF(IFERROR(INDEX('📚 Bộ câu hỏi'!$A$3:$A1059,MATCH($B16&"|"&$C16&"|"&$D16,'📚 Bộ câu hỏi'!$L$3:$L1059,0)),"Có")="Không","Không","Có")))))} -> Có | L16: =IF($B16="","",$B16&"|"&$C16&"|"&$D16) -> Chung||VH2
A17: Có | B17: Chung | D17: VH2 | E17: OUTCOME, KẾT QUẢ CẦN ĐẠT THEO TIÊU CHÍ SMART | F17: vi phạm | G17: VH2.7 | H17: Kết quả cần đạt nhân sự giao cho nhóm bị hiểu theo nhiều cách, tới lúc nghiệm thu mới phát sinh tranh cãi | I17: Nhân sự giữ vai trò quản lý | K17: {=IF($B17="","",IF($A17<>"Có","Không",IF($G17="","Có",IF(IFERROR(INDEX('📚 Bộ câu hỏi'!$A$3:$A1059,MATCH($B17&"|"&$C17&"|",'📚 Bộ câu hỏi'!$L$3:$L1059,0)),"Có")="Không","Không",IF(IFERROR(INDEX('📚 Bộ câu hỏi'!$A$3:$A1059,MATCH($B17&"|"&$C17&"|"&$D17,'📚 Bộ câu hỏi'!$L$3:$L1059,0)),"Có")="Không","Không","Có")))))} -> Có | L17: =IF($B17="","",$B17&"|"&$C17&"|"&$D17) -> Chung||VH2
A18: Có | B18: Chung | D18: VH3 | E18: PURPOSE, MỤC ĐÍCH VÀ VÌ SAO LÀM | F18: vi phạm | K18: {=IF($B18="","",IF($A18<>"Có","Không",IF($G18="","Có",IF(IFERROR(INDEX('📚 Bộ câu hỏi'!$A$3:$A1059,MATCH($B18&"|"&$C18&"|",'📚 Bộ câu hỏi'!$L$3:$L1059,0)),"Có")="Không","Không",IF(IFERROR(INDEX('📚 Bộ câu hỏi'!$A$3:$A1059,MATCH($B18&"|"&$C18&"|"&$D18,'📚 Bộ câu hỏi'!$L$3:$L1059,0)),"Có")="Không","Không","Có")))))} -> Có | L18: =IF($B18="","",$B18&"|"&$C18&"|"&$D18) -> Chung||VH3
A19: Có | B19: Chung | D19: VH3 | E19: PURPOSE, MỤC ĐÍCH VÀ VÌ SAO LÀM | F19: vi phạm | G19: VH3.1 | H19: Nhân sự không nhắc lại được vì sao việc mình nhận cần làm | I19: Tất cả nhân sự | K19: {=IF($B19="","",IF($A19<>"Có","Không",IF($G19="","Có",IF(IFERROR(INDEX('📚 Bộ câu hỏi'!$A$3:$A1059,MATCH($B19&"|"&$C19&"|",'📚 Bộ câu hỏi'!$L$3:$L1059,0)),"Có")="Không","Không",IF(IFERROR(INDEX('📚 Bộ câu hỏi'!$A$3:$A1059,MATCH($B19&"|"&$C19&"|"&$D19,'📚 Bộ câu hỏi'!$L$3:$L1059,0)),"Có")="Không","Không","Có")))))} -> Có | L19: =IF($B19="","",$B19&"|"&$C19&"|"&$D19) -> Chung||VH3
A20: Có | B20: Chung | D20: VH3 | E20: PURPOSE, MỤC ĐÍCH VÀ VÌ SAO LÀM | F20: vi phạm | G20: VH3.2 | H20: Nhân sự thực hiện công việc sai lệch so với mục tiêu chung của bộ phận hoặc kế hoạch ca đã giao | I20: Tất cả nhân sự | K20: {=IF($B20="","",IF($A20<>"Có","Không",IF($G20="","Có",IF(IFERROR(INDEX('📚 Bộ câu hỏi'!$A$3:$A1059,MATCH($B20&"|"&$C20&"|",'📚 Bộ câu hỏi'!$L$3:$L1059,0)),"Có")="Không","Không",IF(IFERROR(INDEX('📚 Bộ câu hỏi'!$A$3:$A1059,MATCH($B20&"|"&$C20&"|"&$D20,'📚 Bộ câu hỏi'!$L$3:$L1059,0)),"Có")="Không","Không","Có")))))} -> Có | L20: =IF($B20="","",$B20&"|"&$C20&"|"&$D20) -> Chung||VH3
A21: Có | B21: Chung | D21: VH3 | E21: PURPOSE, MỤC ĐÍCH VÀ VÌ SAO LÀM | F21: vi phạm | G21: VH3.3 | H21: Cách làm hiện tại không còn phục vụ đúng mục đích mà nhân sự không nêu lại với người phụ trách | I21: Tất cả nhân sự | K21: {=IF($B21="","",IF($A21<>"Có","Không",IF($G21="","Có",IF(IFERROR(INDEX('📚 Bộ câu hỏi'!$A$3:$A1059,MATCH($B21&"|"&$C21&"|",'📚 Bộ câu hỏi'!$L$3:$L1059,0)),"Có")="Không","Không",IF(IFERROR(INDEX('📚 Bộ câu hỏi'!$A$3:$A1059,MATCH($B21&"|"&$C21&"|"&$D21,'📚 Bộ câu hỏi'!$L$3:$L1059,0)),"Có")="Không","Không","Có")))))} -> Có | L21: =IF($B21="","",$B21&"|"&$C21&"|"&$D21) -> Chung||VH3
A22: Có | B22: Chung | D22: VH3 | E22: PURPOSE, MỤC ĐÍCH VÀ VÌ SAO LÀM | F22: vi phạm | G22: VH3.4 | H22: Nhân sự giao việc cho người khác mà chỉ nêu đầu việc, không nêu mục đích | I22: Nhân sự giữ vai trò quản lý | K22: {=IF($B22="","",IF($A22<>"Có","Không",IF($G22="","Có",IF(IFERROR(INDEX('📚 Bộ câu hỏi'!$A$3:$A1059,MATCH($B22&"|"&$C22&"|",'📚 Bộ câu hỏi'!$L$3:$L1059,0)),"Có")="Không","Không",IF(IFERROR(INDEX('📚 Bộ câu hỏi'!$A$3:$A1059,MATCH($B22&"|"&$C22&"|"&$D22,'📚 Bộ câu hỏi'!$L$3:$L1059,0)),"Có")="Không","Không","Có")))))} -> Có | L22: =IF($B22="","",$B22&"|"&$C22&"|"&$D22) -> Chung||VH3
A23: Có | B23: Chung | D23: VH3 | E23: PURPOSE, MỤC ĐÍCH VÀ VÌ SAO LÀM | F23: vi phạm | G23: VH3.5 | H23: Nhân sự tự ý thay đổi cách làm hoặc cắt giảm công đoạn, gây ảnh hưởng xấu đến trải nghiệm của khách hoặc chất lượng chung | I23: Tất cả nhân sự | K23: {=IF($B23="","",IF($A23<>"Có","Không",IF($G23="","Có",IF(IFERROR(INDEX('📚 Bộ câu hỏi'!$A$3:$A1059,MATCH($B23&"|"&$C23&"|",'📚 Bộ câu hỏi'!$L$3:$L1059,0)),"Có")="Không","Không",IF(IFERROR(INDEX('📚 Bộ câu hỏi'!$A$3:$A1059,MATCH($B23&"|"&$C23&"|"&$D23,'📚 Bộ câu hỏi'!$L$3:$L1059,0)),"Có")="Không","Không","Có")))))} -> Có | L23: =IF($B23="","",$B23&"|"&$C23&"|"&$D23) -> Chung||VH3
A24: Có | B24: Chung | D24: VH3 | E24: PURPOSE, MỤC ĐÍCH VÀ VÌ SAO LÀM | F24: vi phạm | G24: VH3.6 | H24: Nhân sự truyền đạt một chủ trương chung mà không diễn giải thành lý do cụ thể cho bộ phận mình phụ trách | I24: Nhân sự giữ vai trò quản lý | K24: {=IF($B24="","",IF($A24<>"Có","Không",IF($G24="","Có",IF(IFERROR(INDEX('📚 Bộ câu hỏi'!$A$3:$A1059,MATCH($B24&"|"&$C24&"|",'📚 Bộ câu hỏi'!$L$3:$L1059,0)),"Có")="Không","Không",IF(IFERROR(INDEX('📚 Bộ câu hỏi'!$A$3:$A1059,MATCH($B24&"|"&$C24&"|"&$D24,'📚 Bộ câu hỏi'!$L$3:$L1059,0)),"Có")="Không","Không","Có")))))} -> Có | L24: =IF($B24="","",$B24&"|"&$C24&"|"&$D24) -> Chung||VH3
A25: Có | B25: Chung | D25: VH4 | E25: ACTION PLAN, KẾ HOẠCH HÀNH ĐỘNG | F25: vi phạm | K25: {=IF($B25="","",IF($A25<>"Có","Không",IF($G25="","Có",IF(IFERROR(INDEX('📚 Bộ câu hỏi'!$A$3:$A1059,MATCH($B25&"|"&$C25&"|",'📚 Bộ câu hỏi'!$L$3:$L1059,0)),"Có")="Không","Không",IF(IFERROR(INDEX('📚 Bộ câu hỏi'!$A$3:$A1059,MATCH($B25&"|"&$C25&"|"&$D25,'📚 Bộ câu hỏi'!$L$3:$L1059,0)),"Có")="Không","Không","Có")))))} -> Có | L25: =IF($B25="","",$B25&"|"&$C25&"|"&$D25) -> Chung||VH4
A26: Có | B26: Chung | D26: VH4 | E26: ACTION PLAN, KẾ HOẠCH HÀNH ĐỘNG | F26: vi phạm | G26: VH4.1 | H26: Nhân sự bắt tay vào việc mà chưa nêu được các bước sẽ làm | I26: Tất cả nhân sự | K26: {=IF($B26="","",IF($A26<>"Có","Không",IF($G26="","Có",IF(IFERROR(INDEX('📚 Bộ câu hỏi'!$A$3:$A1059,MATCH($B26&"|"&$C26&"|",'📚 Bộ câu hỏi'!$L$3:$L1059,0)),"Có")="Không","Không",IF(IFERROR(INDEX('📚 Bộ câu hỏi'!$A$3:$A1059,MATCH($B26&"|"&$C26&"|"&$D26,'📚 Bộ câu hỏi'!$L$3:$L1059,0)),"Có")="Không","Không","Có")))))} -> Có | L26: =IF($B26="","",$B26&"|"&$C26&"|"&$D26) -> Chung||VH4
A27: Có | B27: Chung | D27: VH4 | E27: ACTION PLAN, KẾ HOẠCH HÀNH ĐỘNG | F27: vi phạm | G27: VH4.2 | H27: Kế hoạch của nhân sự là một danh sách rời, không có thời gian và thứ tự | I27: Tất cả nhân sự | K27: {=IF($B27="","",IF($A27<>"Có","Không",IF($G27="","Có",IF(IFERROR(INDEX('📚 Bộ câu hỏi'!$A$3:$A1059,MATCH($B27&"|"&$C27&"|",'📚 Bộ câu hỏi'!$L$3:$L1059,0)),"Có")="Không","Không",IF(IFERROR(INDEX('📚 Bộ câu hỏi'!$A$3:$A1059,MATCH($B27&"|"&$C27&"|"&$D27,'📚 Bộ câu hỏi'!$L$3:$L1059,0)),"Có")="Không","Không","Có")))))} -> Có | L27: =IF($B27="","",$B27&"|"&$C27&"|"&$D27) -> Chung||VH4
A28: Có | B28: Chung | D28: VH4 | E28: ACTION PLAN, KẾ HOẠCH HÀNH ĐỘNG | F28: vi phạm | G28: VH4.3 | H28: Nhân sự báo cáo bằng cách kể lại việc đã làm, không báo theo kế hoạch đã nêu | I28: Tất cả nhân sự | K28: {=IF($B28="","",IF($A28<>"Có","Không",IF($G28="","Có",IF(IFERROR(INDEX('📚 Bộ câu hỏi'!$A$3:$A1059,MATCH($B28&"|"&$C28&"|",'📚 Bộ câu hỏi'!$L$3:$L1059,0)),"Có")="Không","Không",IF(IFERROR(INDEX('📚 Bộ câu hỏi'!$A$3:$A1059,MATCH($B28&"|"&$C28&"|"&$D28,'📚 Bộ câu hỏi'!$L$3:$L1059,0)),"Có")="Không","Không","Có")))))} -> Có | L28: =IF($B28="","",$B28&"|"&$C28&"|"&$D28) -> Chung||VH4
A29: Có | B29: Chung | D29: VH4 | E29: ACTION PLAN, KẾ HOẠCH HÀNH ĐỘNG | F29: vi phạm | G29: VH4.4 | H29: Kế hoạch của nhân sự bỏ qua các rủi ro đã được cảnh báo trước, hoặc không có phương án xử lý khi phát sinh sự cố đã lường trước | I29: Tất cả nhân sự | K29: {=IF($B29="","",IF($A29<>"Có","Không",IF($G29="","Có",IF(IFERROR(INDEX('📚 Bộ câu hỏi'!$A$3:$A1059,MATCH($B29&"|"&$C29&"|",'📚 Bộ câu hỏi'!$L$3:$L1059,0)),"Có")="Không","Không",IF(IFERROR(INDEX('📚 Bộ câu hỏi'!$A$3:$A1059,MATCH($B29&"|"&$C29&"|"&$D29,'📚 Bộ câu hỏi'!$L$3:$L1059,0)),"Có")="Không","Không","Có")))))} -> Có | L29: =IF($B29="","",$B29&"|"&$C29&"|"&$D29) -> Chung||VH4
A30: Có | B30: Chung | D30: VH4 | E30: ACTION PLAN, KẾ HOẠCH HÀNH ĐỘNG | F30: vi phạm | G30: VH4.5 | H30: Kế hoạch nhân sự giao cho người khác thiếu thời gian, người phụ trách, nguồn lực hoặc mốc đánh giá | I30: Nhân sự giữ vai trò quản lý | K30: {=IF($B30="","",IF($A30<>"Có","Không",IF($G30="","Có",IF(IFERROR(INDEX('📚 Bộ câu hỏi'!$A$3:$A1059,MATCH($B30&"|"&$C30&"|",'📚 Bộ câu hỏi'!$L$3:$L1059,0)),"Có")="Không","Không",IF(IFERROR(INDEX('📚 Bộ câu hỏi'!$A$3:$A1059,MATCH($B30&"|"&$C30&"|"&$D30,'📚 Bộ câu hỏi'!$L$3:$L1059,0)),"Có")="Không","Không","Có")))))} -> Có | L30: =IF($B30="","",$B30&"|"&$C30&"|"&$D30) -> Chung||VH4
A31: Có | B31: Chung | D31: VH5 | E31: TIME MANAGEMENT, QUẢN LÝ THỜI GIAN | F31: vi phạm | K31: {=IF($B31="","",IF($A31<>"Có","Không",IF($G31="","Có",IF(IFERROR(INDEX('📚 Bộ câu hỏi'!$A$3:$A1059,MATCH($B31&"|"&$C31&"|",'📚 Bộ câu hỏi'!$L$3:$L1059,0)),"Có")="Không","Không",IF(IFERROR(INDEX('📚 Bộ câu hỏi'!$A$3:$A1059,MATCH($B31&"|"&$C31&"|"&$D31,'📚 Bộ câu hỏi'!$L$3:$L1059,0)),"Có")="Không","Không","Có")))))} -> Có | L31: =IF($B31="","",$B31&"|"&$C31&"|"&$D31) -> Chung||VH5
A32: Có | B32: Chung | D32: VH5 | E32: TIME MANAGEMENT, QUẢN LÝ THỜI GIAN | F32: vi phạm | G32: VH5.1 | H32: Nhân sự tập trung làm các công việc không quan trọng, bỏ quên công việc quan trọng hoặc khẩn cấp được giao trong ca | I32: Tất cả nhân sự | K32: {=IF($B32="","",IF($A32<>"Có","Không",IF($G32="","Có",IF(IFERROR(INDEX('📚 Bộ câu hỏi'!$A$3:$A1059,MATCH($B32&"|"&$C32&"|",'📚 Bộ câu hỏi'!$L$3:$L1059,0)),"Có")="Không","Không",IF(IFERROR(INDEX('📚 Bộ câu hỏi'!$A$3:$A1059,MATCH($B32&"|"&$C32&"|"&$D32,'📚 Bộ câu hỏi'!$L$3:$L1059,0)),"Có")="Không","Không","Có")))))} -> Có | L32: =IF($B32="","",$B32&"|"&$C32&"|"&$D32) -> Chung||VH5
A33: Có | B33: Chung | D33: VH5 | E33: TIME MANAGEMENT, QUẢN LÝ THỜI GIAN | F33: vi phạm | G33: VH5.2 | H33: Khi có nhiều việc cùng lúc, nhân sự không làm việc quan trọng và khẩn cấp trước | I33: Tất cả nhân sự | K33: {=IF($B33="","",IF($A33<>"Có","Không",IF($G33="","Có",IF(IFERROR(INDEX('📚 Bộ câu hỏi'!$A$3:$A1059,MATCH($B33&"|"&$C33&"|",'📚 Bộ câu hỏi'!$L$3:$L1059,0)),"Có")="Không","Không",IF(IFERROR(INDEX('📚 Bộ câu hỏi'!$A$3:$A1059,MATCH($B33&"|"&$C33&"|"&$D33,'📚 Bộ câu hỏi'!$L$3:$L1059,0)),"Có")="Không","Không","Có")))))} -> Có | L33: =IF($B33="","",$B33&"|"&$C33&"|"&$D33) -> Chung||VH5
A34: Có | B34: Chung | D34: VH5 | E34: TIME MANAGEMENT, QUẢN LÝ THỜI GIAN | F34: vi phạm | G34: VH5.3 | H34: Nhân sự hoàn thành công việc trễ hạn | I34: Tất cả nhân sự | K34: {=IF($B34="","",IF($A34<>"Có","Không",IF($G34="","Có",IF(IFERROR(INDEX('📚 Bộ câu hỏi'!$A$3:$A1059,MATCH($B34&"|"&$C34&"|",'📚 Bộ câu hỏi'!$L$3:$L1059,0)),"Có")="Không","Không",IF(IFERROR(INDEX('📚 Bộ câu hỏi'!$A$3:$A1059,MATCH($B34&"|"&$C34&"|"&$D34,'📚 Bộ câu hỏi'!$L$3:$L1059,0)),"Có")="Không","Không","Có")))))} -> Có | L34: =IF($B34="","",$B34&"|"&$C34&"|"&$D34) -> Chung||VH5
A35: Có | B35: Chung | D35: VH5 | E35: TIME MANAGEMENT, QUẢN LÝ THỜI GIAN | F35: vi phạm | G35: VH5.4 | H35: Nhân sự không dành được thời gian cho việc quan trọng nhưng chưa khẩn cấp | I35: Tất cả nhân sự | K35: {=IF($B35="","",IF($A35<>"Có","Không",IF($G35="","Có",IF(IFERROR(INDEX('📚 Bộ câu hỏi'!$A$3:$A1059,MATCH($B35&"|"&$C35&"|",'📚 Bộ câu hỏi'!$L$3:$L1059,0)),"Có")="Không","Không",IF(IFERROR(INDEX('📚 Bộ câu hỏi'!$A$3:$A1059,MATCH($B35&"|"&$C35&"|"&$D35,'📚 Bộ câu hỏi'!$L$3:$L1059,0)),"Có")="Không","Không","Có")))))} -> Có | L35: =IF($B35="","",$B35&"|"&$C35&"|"&$D35) -> Chung||VH5
A36: Có | B36: Chung | D36: VH5 | E36: TIME MANAGEMENT, QUẢN LÝ THỜI GIAN | F36: vi phạm | G36: VH5.5 | H36: Nhân sự để việc quan trọng chưa khẩn cấp trở thành việc khẩn cấp | I36: Tất cả nhân sự | K36: {=IF($B36="","",IF($A36<>"Có","Không",IF($G36="","Có",IF(IFERROR(INDEX('📚 Bộ câu hỏi'!$A$3:$A1059,MATCH($B36&"|"&$C36&"|",'📚 Bộ câu hỏi'!$L$3:$L1059,0)),"Có")="Không","Không",IF(IFERROR(INDEX('📚 Bộ câu hỏi'!$A$3:$A1059,MATCH($B36&"|"&$C36&"|"&$D36,'📚 Bộ câu hỏi'!$L$3:$L1059,0)),"Có")="Không","Không","Có")))))} -> Có | L36: =IF($B36="","",$B36&"|"&$C36&"|"&$D36) -> Chung||VH5
A37: Có | B37: Chung | D37: VH5 | E37: TIME MANAGEMENT, QUẢN LÝ THỜI GIAN | F37: vi phạm | G37: VH5.6 | H37: Cách sắp xếp công việc của nhân sự làm người khác phải xử lý gấp. Không tính việc gấp phát sinh từ nguyên nhân khách quan hoặc thuộc trách nhiệm chung của bộ phận | I37: Tất cả nhân sự | K37: {=IF($B37="","",IF($A37<>"Có","Không",IF($G37="","Có",IF(IFERROR(INDEX('📚 Bộ câu hỏi'!$A$3:$A1059,MATCH($B37&"|"&$C37&"|",'📚 Bộ câu hỏi'!$L$3:$L1059,0)),"Có")="Không","Không",IF(IFERROR(INDEX('📚 Bộ câu hỏi'!$A$3:$A1059,MATCH($B37&"|"&$C37&"|"&$D37,'📚 Bộ câu hỏi'!$L$3:$L1059,0)),"Có")="Không","Không","Có")))))} -> Có | L37: =IF($B37="","",$B37&"|"&$C37&"|"&$D37) -> Chung||VH5
A38: Có | B38: Chung | D38: VH6 | E38: PROACTIVE, TƯ DUY CHỦ ĐỘNG | F38: vi phạm | K38: {=IF($B38="","",IF($A38<>"Có","Không",IF($G38="","Có",IF(IFERROR(INDEX('📚 Bộ câu hỏi'!$A$3:$A1059,MATCH($B38&"|"&$C38&"|",'📚 Bộ câu hỏi'!$L$3:$L1059,0)),"Có")="Không","Không",IF(IFERROR(INDEX('📚 Bộ câu hỏi'!$A$3:$A1059,MATCH($B38&"|"&$C38&"|"&$D38,'📚 Bộ câu hỏi'!$L$3:$L1059,0)),"Có")="Không","Không","Có")))))} -> Có | L38: =IF($B38="","",$B38&"|"&$C38&"|"&$D38) -> Chung||VH6
A39: Có | B39: Chung | D39: VH6 | E39: PROACTIVE, TƯ DUY CHỦ ĐỘNG | F39: vi phạm | G39: VH6.1 | H39: Nhân sự chờ có người nhắc mới bắt đầu việc thuộc phạm vi của mình | I39: Tất cả nhân sự | K39: {=IF($B39="","",IF($A39<>"Có","Không",IF($G39="","Có",IF(IFERROR(INDEX('📚 Bộ câu hỏi'!$A$3:$A1059,MATCH($B39&"|"&$C39&"|",'📚 Bộ câu hỏi'!$L$3:$L1059,0)),"Có")="Không","Không",IF(IFERROR(INDEX('📚 Bộ câu hỏi'!$A$3:$A1059,MATCH($B39&"|"&$C39&"|"&$D39,'📚 Bộ câu hỏi'!$L$3:$L1059,0)),"Có")="Không","Không","Có")))))} -> Có | L39: =IF($B39="","",$B39&"|"&$C39&"|"&$D39) -> Chung||VH6
A40: Có | B40: Chung | D40: VH6 | E40: PROACTIVE, TƯ DUY CHỦ ĐỘNG | F40: vi phạm | G40: VH6.2 | H40: Nhân sự làm việc đối phó: làm cho xong để báo cáo, chỉ làm khi có người kiểm, hoặc làm đúng chữ được giao mà sai mục đích của việc | I40: Tất cả nhân sự | K40: {=IF($B40="","",IF($A40<>"Có","Không",IF($G40="","Có",IF(IFERROR(INDEX('📚 Bộ câu hỏi'!$A$3:$A1059,MATCH($B40&"|"&$C40&"|",'📚 Bộ câu hỏi'!$L$3:$L1059,0)),"Có")="Không","Không",IF(IFERROR(INDEX('📚 Bộ câu hỏi'!$A$3:$A1059,MATCH($B40&"|"&$C40&"|"&$D40,'📚 Bộ câu hỏi'!$L$3:$L1059,0)),"Có")="Không","Không","Có")))))} -> Có | L40: =IF($B40="","",$B40&"|"&$C40&"|"&$D40) -> Chung||VH6
A41: Có | B41: Chung | D41: VH6 | E41: PROACTIVE, TƯ DUY CHỦ ĐỘNG | F41: vi phạm | G41: VH6.3 | H41: Nhân sự phát hiện sự cố hoặc vấn đề phát sinh tại điểm bán, tại xưởng nhưng không báo cho người phụ trách và không hỗ trợ xử lý theo quy trình | I41: Tất cả nhân sự | K41: {=IF($B41="","",IF($A41<>"Có","Không",IF($G41="","Có",IF(IFERROR(INDEX('📚 Bộ câu hỏi'!$A$3:$A1059,MATCH($B41&"|"&$C41&"|",'📚 Bộ câu hỏi'!$L$3:$L1059,0)),"Có")="Không","Không",IF(IFERROR(INDEX('📚 Bộ câu hỏi'!$A$3:$A1059,MATCH($B41&"|"&$C41&"|"&$D41,'📚 Bộ câu hỏi'!$L$3:$L1059,0)),"Có")="Không","Không","Có")))))} -> Có | L41: =IF($B41="","",$B41&"|"&$C41&"|"&$D41) -> Chung||VH6
A42: Có | B42: Chung | D42: VH6 | E42: PROACTIVE, TƯ DUY CHỦ ĐỘNG | F42: vi phạm | G42: VH6.4 | H42: Nhân sự dừng ở chỗ đã báo cáo hoặc đã chuyển cho người khác, không theo tiếp tới khi việc có kết quả | I42: Tất cả nhân sự | K42: {=IF($B42="","",IF($A42<>"Có","Không",IF($G42="","Có",IF(IFERROR(INDEX('📚 Bộ câu hỏi'!$A$3:$A1059,MATCH($B42&"|"&$C42&"|",'📚 Bộ câu hỏi'!$L$3:$L1059,0)),"Có")="Không","Không",IF(IFERROR(INDEX('📚 Bộ câu hỏi'!$A$3:$A1059,MATCH($B42&"|"&$C42&"|"&$D42,'📚 Bộ câu hỏi'!$L$3:$L1059,0)),"Có")="Không","Không","Có")))))} -> Có | L42: =IF($B42="","",$B42&"|"&$C42&"|"&$D42) -> Chung||VH6
A43: Có | B43: Chung | D43: VH6 | E43: PROACTIVE, TƯ DUY CHỦ ĐỘNG | F43: vi phạm | G43: VH6.5 | H43: Nhân sự lặp lại cùng một sai sót, sự cố đã xảy ra trước đó mà không chủ động đề xuất phương án khắc phục với quản lý | I43: Tất cả nhân sự | K43: {=IF($B43="","",IF($A43<>"Có","Không",IF($G43="","Có",IF(IFERROR(INDEX('📚 Bộ câu hỏi'!$A$3:$A1059,MATCH($B43&"|"&$C43&"|",'📚 Bộ câu hỏi'!$L$3:$L1059,0)),"Có")="Không","Không",IF(IFERROR(INDEX('📚 Bộ câu hỏi'!$A$3:$A1059,MATCH($B43&"|"&$C43&"|"&$D43,'📚 Bộ câu hỏi'!$L$3:$L1059,0)),"Có")="Không","Không","Có")))))} -> Có | L43: =IF($B43="","",$B43&"|"&$C43&"|"&$D43) -> Chung||VH6
A44: Có | B44: Chung | D44: VH7 | E44: SOLUTION FOCUS, ĐỊNH HƯỚNG GIẢI PHÁP | F44: vi phạm | K44: {=IF($B44="","",IF($A44<>"Có","Không",IF($G44="","Có",IF(IFERROR(INDEX('📚 Bộ câu hỏi'!$A$3:$A1059,MATCH($B44&"|"&$C44&"|",'📚 Bộ câu hỏi'!$L$3:$L1059,0)),"Có")="Không","Không",IF(IFERROR(INDEX('📚 Bộ câu hỏi'!$A$3:$A1059,MATCH($B44&"|"&$C44&"|"&$D44,'📚 Bộ câu hỏi'!$L$3:$L1059,0)),"Có")="Không","Không","Có")))))} -> Có | L44: =IF($B44="","",$B44&"|"&$C44&"|"&$D44) -> Chung||VH7
A45: Có | B45: Chung | D45: VH7 | E45: SOLUTION FOCUS, ĐỊNH HƯỚNG GIẢI PHÁP | F45: vi phạm | G45: VH7.1 | H45: Nhân sự báo vấn đề chậm, hoặc báo không đúng người | I45: Tất cả nhân sự | K45: {=IF($B45="","",IF($A45<>"Có","Không",IF($G45="","Có",IF(IFERROR(INDEX('📚 Bộ câu hỏi'!$A$3:$A1059,MATCH($B45&"|"&$C45&"|",'📚 Bộ câu hỏi'!$L$3:$L1059,0)),"Có")="Không","Không",IF(IFERROR(INDEX('📚 Bộ câu hỏi'!$A$3:$A1059,MATCH($B45&"|"&$C45&"|"&$D45,'📚 Bộ câu hỏi'!$L$3:$L1059,0)),"Có")="Không","Không","Có")))))} -> Có | L45: =IF($B45="","",$B45&"|"&$C45&"|"&$D45) -> Chung||VH7
A46: Có | B46: Chung | D46: VH7 | E46: SOLUTION FOCUS, ĐỊNH HƯỚNG GIẢI PHÁP | F46: vi phạm | G46: VH7.2 | H46: Khi nêu vấn đề, nhân sự kể lể tình tiết và cảm xúc thay vì mô tả đúng sự việc | I46: Tất cả nhân sự | K46: {=IF($B46="","",IF($A46<>"Có","Không",IF($G46="","Có",IF(IFERROR(INDEX('📚 Bộ câu hỏi'!$A$3:$A1059,MATCH($B46&"|"&$C46&"|",'📚 Bộ câu hỏi'!$L$3:$L1059,0)),"Có")="Không","Không",IF(IFERROR(INDEX('📚 Bộ câu hỏi'!$A$3:$A1059,MATCH($B46&"|"&$C46&"|"&$D46,'📚 Bộ câu hỏi'!$L$3:$L1059,0)),"Có")="Không","Không","Có")))))} -> Có | L46: =IF($B46="","",$B46&"|"&$C46&"|"&$D46) -> Chung||VH7
A47: Có | B47: Chung | D47: VH7 | E47: SOLUTION FOCUS, ĐỊNH HƯỚNG GIẢI PHÁP | F47: vi phạm | G47: VH7.3 | H47: Nhân sự nêu vấn đề mà không kèm hướng xử lý nào | I47: Tất cả nhân sự | K47: {=IF($B47="","",IF($A47<>"Có","Không",IF($G47="","Có",IF(IFERROR(INDEX('📚 Bộ câu hỏi'!$A$3:$A1059,MATCH($B47&"|"&$C47&"|",'📚 Bộ câu hỏi'!$L$3:$L1059,0)),"Có")="Không","Không",IF(IFERROR(INDEX('📚 Bộ câu hỏi'!$A$3:$A1059,MATCH($B47&"|"&$C47&"|"&$D47,'📚 Bộ câu hỏi'!$L$3:$L1059,0)),"Có")="Không","Không","Có")))))} -> Có | L47: =IF($B47="","",$B47&"|"&$C47&"|"&$D47) -> Chung||VH7
A48: Có | B48: Chung | D48: VH7 | E48: SOLUTION FOCUS, ĐỊNH HƯỚNG GIẢI PHÁP | F48: vi phạm | G48: VH7.4 | H48: Nhân sự nhiều lần nói lại một vấn đề đã được cấp trên ghi nhận và đã báo thời hạn thực thi giải pháp | I48: Tất cả nhân sự | K48: {=IF($B48="","",IF($A48<>"Có","Không",IF($G48="","Có",IF(IFERROR(INDEX('📚 Bộ câu hỏi'!$A$3:$A1059,MATCH($B48&"|"&$C48&"|",'📚 Bộ câu hỏi'!$L$3:$L1059,0)),"Có")="Không","Không",IF(IFERROR(INDEX('📚 Bộ câu hỏi'!$A$3:$A1059,MATCH($B48&"|"&$C48&"|"&$D48,'📚 Bộ câu hỏi'!$L$3:$L1059,0)),"Có")="Không","Không","Có")))))} -> Có | L48: =IF($B48="","",$B48&"|"&$C48&"|"&$D48) -> Chung||VH7
A49: Có | B49: Chung | D49: VH7 | E49: SOLUTION FOCUS, ĐỊNH HƯỚNG GIẢI PHÁP | F49: vi phạm | G49: VH7.5 | H49: Một vấn đề lặp lại nhiều lần mà nhân sự chỉ xử lý phần ngọn, không truy nguyên nhân gốc | I49: Tất cả nhân sự | K49: {=IF($B49="","",IF($A49<>"Có","Không",IF($G49="","Có",IF(IFERROR(INDEX('📚 Bộ câu hỏi'!$A$3:$A1059,MATCH($B49&"|"&$C49&"|",'📚 Bộ câu hỏi'!$L$3:$L1059,0)),"Có")="Không","Không",IF(IFERROR(INDEX('📚 Bộ câu hỏi'!$A$3:$A1059,MATCH($B49&"|"&$C49&"|"&$D49,'📚 Bộ câu hỏi'!$L$3:$L1059,0)),"Có")="Không","Không","Có")))))} -> Có | L49: =IF($B49="","",$B49&"|"&$C49&"|"&$D49) -> Chung||VH7
A50: Có | B50: Chung | D50: VH8 | E50: SỨ MỆNH | F50: vi phạm | K50: {=IF($B50="","",IF($A50<>"Có","Không",IF($G50="","Có",IF(IFERROR(INDEX('📚 Bộ câu hỏi'!$A$3:$A1059,MATCH($B50&"|"&$C50&"|",'📚 Bộ câu hỏi'!$L$3:$L1059,0)),"Có")="Không","Không",IF(IFERROR(INDEX('📚 Bộ câu hỏi'!$A$3:$A1059,MATCH($B50&"|"&$C50&"|"&$D50,'📚 Bộ câu hỏi'!$L$3:$L1059,0)),"Có")="Không","Không","Có")))))} -> Có | L50: =IF($B50="","",$B50&"|"&$C50&"|"&$D50) -> Chung||VH8
A51: Có | B51: Chung | D51: VH8 | E51: SỨ MỆNH | F51: vi phạm | G51: VH8.1 | H51: Khách hỏi về dự án mà nhân sự trả lời sai thông tin, trả lời dài dòng, hoặc kể hoàn cảnh cá nhân của người khác | I51: Vị trí có đầu việc tại điểm bán | K51: {=IF($B51="","",IF($A51<>"Có","Không",IF($G51="","Có",IF(IFERROR(INDEX('📚 Bộ câu hỏi'!$A$3:$A1059,MATCH($B51&"|"&$C51&"|",'📚 Bộ câu hỏi'!$L$3:$L1059,0)),"Có")="Không","Không",IF(IFERROR(INDEX('📚 Bộ câu hỏi'!$A$3:$A1059,MATCH($B51&"|"&$C51&"|"&$D51,'📚 Bộ câu hỏi'!$L$3:$L1059,0)),"Có")="Không","Không","Có")))))} -> Có | L51: =IF($B51="","",$B51&"|"&$C51&"|"&$D51) -> Chung||VH8
A52: Có | B52: Chung | D52: VH8 | E52: SỨ MỆNH | F52: vi phạm | G52: VH8.2 | H52: Nhân sự chủ động thuyết giảng về sứ mệnh khi khách không hỏi | I52: Vị trí có đầu việc tại điểm bán | K52: {=IF($B52="","",IF($A52<>"Có","Không",IF($G52="","Có",IF(IFERROR(INDEX('📚 Bộ câu hỏi'!$A$3:$A1059,MATCH($B52&"|"&$C52&"|",'📚 Bộ câu hỏi'!$L$3:$L1059,0)),"Có")="Không","Không",IF(IFERROR(INDEX('📚 Bộ câu hỏi'!$A$3:$A1059,MATCH($B52&"|"&$C52&"|"&$D52,'📚 Bộ câu hỏi'!$L$3:$L1059,0)),"Có")="Không","Không","Có")))))} -> Có | L52: =IF($B52="","",$B52&"|"&$C52&"|"&$D52) -> Chung||VH8
A53: Có | B53: Chung | D53: VH8 | E53: SỨ MỆNH | F53: vi phạm | G53: VH8.3 | H53: Nhân sự có hành vi, lời nói hoặc hình ảnh làm khách, đối tác hiểu sai rằng Công ty đang dùng người điếc/ khiếm thính như một yếu tố xin lòng trắc ẩn để bán hàng | I53: Tất cả nhân sự | K53: {=IF($B53="","",IF($A53<>"Có","Không",IF($G53="","Có",IF(IFERROR(INDEX('📚 Bộ câu hỏi'!$A$3:$A1059,MATCH($B53&"|"&$C53&"|",'📚 Bộ câu hỏi'!$L$3:$L1059,0)),"Có")="Không","Không",IF(IFERROR(INDEX('📚 Bộ câu hỏi'!$A$3:$A1059,MATCH($B53&"|"&$C53&"|"&$D53,'📚 Bộ câu hỏi'!$L$3:$L1059,0)),"Có")="Không","Không","Có")))))} -> Có | L53: =IF($B53="","",$B53&"|"&$C53&"|"&$D53) -> Chung||VH8
A54: Có | B54: Chung | D54: VH8 | E54: SỨ MỆNH | F54: vi phạm | G54: VH8.4 | H54: Nhân sự có hành vi hoặc lời nói phân biệt đối xử, làm hộ, tước đi quyền tự quyết và trách nhiệm công việc của đồng nghiệp người điếc/ khiếm thính | I54: Tất cả nhân sự | K54: {=IF($B54="","",IF($A54<>"Có","Không",IF($G54="","Có",IF(IFERROR(INDEX('📚 Bộ câu hỏi'!$A$3:$A1059,MATCH($B54&"|"&$C54&"|",'📚 Bộ câu hỏi'!$L$3:$L1059,0)),"Có")="Không","Không",IF(IFERROR(INDEX('📚 Bộ câu hỏi'!$A$3:$A1059,MATCH($B54&"|"&$C54&"|"&$D54,'📚 Bộ câu hỏi'!$L$3:$L1059,0)),"Có")="Không","Không","Có")))))} -> Có | L54: =IF($B54="","",$B54&"|"&$C54&"|"&$D54) -> Chung||VH8
A55: Có | B55: Chung | D55: VH8 | E55: SỨ MỆNH | F55: vi phạm | G55: VH8.5 | H55: Nhân sự lấy yếu tố mô hình xã hội hoặc người điếc/ khiếm thính ra làm lý do biện hộ khi sản phẩm, dịch vụ bị khách phản ánh về chất lượng | I55: Tất cả nhân sự | K55: {=IF($B55="","",IF($A55<>"Có","Không",IF($G55="","Có",IF(IFERROR(INDEX('📚 Bộ câu hỏi'!$A$3:$A1059,MATCH($B55&"|"&$C55&"|",'📚 Bộ câu hỏi'!$L$3:$L1059,0)),"Có")="Không","Không",IF(IFERROR(INDEX('📚 Bộ câu hỏi'!$A$3:$A1059,MATCH($B55&"|"&$C55&"|"&$D55,'📚 Bộ câu hỏi'!$L$3:$L1059,0)),"Có")="Không","Không","Có")))))} -> Có | L55: =IF($B55="","",$B55&"|"&$C55&"|"&$D55) -> Chung||VH8
A56: Có | B56: Chung | D56: VH8 | E56: SỨ MỆNH | F56: vi phạm | G56: VH8.6 | H56: Người nói và người điếc/ khiếm thính đang không hiểu nhau ngay trước mặt mà nhân sự không làm cầu nối | I56: Tất cả nhân sự | K56: {=IF($B56="","",IF($A56<>"Có","Không",IF($G56="","Có",IF(IFERROR(INDEX('📚 Bộ câu hỏi'!$A$3:$A1059,MATCH($B56&"|"&$C56&"|",'📚 Bộ câu hỏi'!$L$3:$L1059,0)),"Có")="Không","Không",IF(IFERROR(INDEX('📚 Bộ câu hỏi'!$A$3:$A1059,MATCH($B56&"|"&$C56&"|"&$D56,'📚 Bộ câu hỏi'!$L$3:$L1059,0)),"Có")="Không","Không","Có")))))} -> Có | L56: =IF($B56="","",$B56&"|"&$C56&"|"&$D56) -> Chung||VH8
A57: Có | B57: Chung | D57: VH8 | E57: SỨ MỆNH | F57: vi phạm | G57: VH8.7 | H57: Nhân sự truyền đạt sai giá trị hoặc sứ mệnh của Công ty cho đồng nghiệp | I57: Tất cả nhân sự | K57: {=IF($B57="","",IF($A57<>"Có","Không",IF($G57="","Có",IF(IFERROR(INDEX('📚 Bộ câu hỏi'!$A$3:$A1059,MATCH($B57&"|"&$C57&"|",'📚 Bộ câu hỏi'!$L$3:$L1059,0)),"Có")="Không","Không",IF(IFERROR(INDEX('📚 Bộ câu hỏi'!$A$3:$A1059,MATCH($B57&"|"&$C57&"|"&$D57,'📚 Bộ câu hỏi'!$L$3:$L1059,0)),"Có")="Không","Không","Có")))))} -> Có | L57: =IF($B57="","",$B57&"|"&$C57&"|"&$D57) -> Chung||VH8
A58: Có | B58: Chung | D58: VH9 | E58: MÙI HƯƠNG, GIÁ TRỊ CỐT LÕI | F58: vi phạm | K58: {=IF($B58="","",IF($A58<>"Có","Không",IF($G58="","Có",IF(IFERROR(INDEX('📚 Bộ câu hỏi'!$A$3:$A1059,MATCH($B58&"|"&$C58&"|",'📚 Bộ câu hỏi'!$L$3:$L1059,0)),"Có")="Không","Không",IF(IFERROR(INDEX('📚 Bộ câu hỏi'!$A$3:$A1059,MATCH($B58&"|"&$C58&"|"&$D58,'📚 Bộ câu hỏi'!$L$3:$L1059,0)),"Có")="Không","Không","Có")))))} -> Có | L58: =IF($B58="","",$B58&"|"&$C58&"|"&$D58) -> Chung||VH9
A59: Có | B59: Chung | D59: VH9 | E59: MÙI HƯƠNG, GIÁ TRỊ CỐT LÕI | F59: vi phạm | G59: VH9.1 | H59: Nhân sự giao hàng cho khách mà không xịt hương lên tay cầm túi, kể cả túi giấy nhỏ | I59: Vị trí có đầu việc tại điểm bán | K59: {=IF($B59="","",IF($A59<>"Có","Không",IF($G59="","Có",IF(IFERROR(INDEX('📚 Bộ câu hỏi'!$A$3:$A1059,MATCH($B59&"|"&$C59&"|",'📚 Bộ câu hỏi'!$L$3:$L1059,0)),"Có")="Không","Không",IF(IFERROR(INDEX('📚 Bộ câu hỏi'!$A$3:$A1059,MATCH($B59&"|"&$C59&"|"&$D59,'📚 Bộ câu hỏi'!$L$3:$L1059,0)),"Có")="Không","Không","Có")))))} -> Có | L59: =IF($B59="","",$B59&"|"&$C59&"|"&$D59) -> Chung||VH9
A60: Có | B60: Chung | D60: VH9 | E60: MÙI HƯƠNG, GIÁ TRỊ CỐT LÕI | F60: vi phạm | G60: VH9.2 | H60: Nhân sự dùng mùi ngoài quy định chung của hệ thống | I60: Vị trí có đầu việc tại điểm bán | K60: {=IF($B60="","",IF($A60<>"Có","Không",IF($G60="","Có",IF(IFERROR(INDEX('📚 Bộ câu hỏi'!$A$3:$A1059,MATCH($B60&"|"&$C60&"|",'📚 Bộ câu hỏi'!$L$3:$L1059,0)),"Có")="Không","Không",IF(IFERROR(INDEX('📚 Bộ câu hỏi'!$A$3:$A1059,MATCH($B60&"|"&$C60&"|"&$D60,'📚 Bộ câu hỏi'!$L$3:$L1059,0)),"Có")="Không","Không","Có")))))} -> Có | L60: =IF($B60="","",$B60&"|"&$C60&"|"&$D60) -> Chung||VH9
A61: Có | B61: Chung | D61: VH9 | E61: MÙI HƯƠNG, GIÁ TRỊ CỐT LÕI | F61: vi phạm | G61: VH9.3 | H61: Nhân sự vệ sinh không gian bằng thứ khác thay cho bình xịt sả chanh của Nhà | I61: Vị trí có đầu việc tại điểm bán | K61: {=IF($B61="","",IF($A61<>"Có","Không",IF($G61="","Có",IF(IFERROR(INDEX('📚 Bộ câu hỏi'!$A$3:$A1059,MATCH($B61&"|"&$C61&"|",'📚 Bộ câu hỏi'!$L$3:$L1059,0)),"Có")="Không","Không",IF(IFERROR(INDEX('📚 Bộ câu hỏi'!$A$3:$A1059,MATCH($B61&"|"&$C61&"|"&$D61,'📚 Bộ câu hỏi'!$L$3:$L1059,0)),"Có")="Không","Không","Có")))))} -> Có | L61: =IF($B61="","",$B61&"|"&$C61&"|"&$D61) -> Chung||VH9
A62: Có | B62: Chung | D62: VH9 | E62: MÙI HƯƠNG, GIÁ TRỊ CỐT LÕI | F62: vi phạm | G62: VH9.4 | H62: Nhân sự không vận hành bộ khuếch tán tinh dầu sả java trên khu vực và đúng định mức quy định trong ca | I62: Vị trí có đầu việc tại điểm bán | K62: {=IF($B62="","",IF($A62<>"Có","Không",IF($G62="","Có",IF(IFERROR(INDEX('📚 Bộ câu hỏi'!$A$3:$A1059,MATCH($B62&"|"&$C62&"|",'📚 Bộ câu hỏi'!$L$3:$L1059,0)),"Có")="Không","Không",IF(IFERROR(INDEX('📚 Bộ câu hỏi'!$A$3:$A1059,MATCH($B62&"|"&$C62&"|"&$D62,'📚 Bộ câu hỏi'!$L$3:$L1059,0)),"Có")="Không","Không","Có")))))} -> Có | L62: =IF($B62="","",$B62&"|"&$C62&"|"&$D62) -> Chung||VH9
A63: Có | B63: Chung | D63: VH9 | E63: MÙI HƯƠNG, GIÁ TRỊ CỐT LÕI | F63: vi phạm | G63: VH9.5 | H63: Mùi trong không gian yếu hoặc lẫn mùi lạ mà nhân sự không xử lý, cho tới khi khách hoặc quản lý nhận ra | I63: Vị trí có đầu việc tại điểm bán | K63: {=IF($B63="","",IF($A63<>"Có","Không",IF($G63="","Có",IF(IFERROR(INDEX('📚 Bộ câu hỏi'!$A$3:$A1059,MATCH($B63&"|"&$C63&"|",'📚 Bộ câu hỏi'!$L$3:$L1059,0)),"Có")="Không","Không",IF(IFERROR(INDEX('📚 Bộ câu hỏi'!$A$3:$A1059,MATCH($B63&"|"&$C63&"|"&$D63,'📚 Bộ câu hỏi'!$L$3:$L1059,0)),"Có")="Không","Không","Có")))))} -> Có | L63: =IF($B63="","",$B63&"|"&$C63&"|"&$D63) -> Chung||VH9
A64: Có | B64: Chung | D64: VH10 | E64: ÂM THANH, VĂN HÓA TÔN TRỌNG KHÔNG GIAN | F64: vi phạm | K64: {=IF($B64="","",IF($A64<>"Có","Không",IF($G64="","Có",IF(IFERROR(INDEX('📚 Bộ câu hỏi'!$A$3:$A1059,MATCH($B64&"|"&$C64&"|",'📚 Bộ câu hỏi'!$L$3:$L1059,0)),"Có")="Không","Không",IF(IFERROR(INDEX('📚 Bộ câu hỏi'!$A$3:$A1059,MATCH($B64&"|"&$C64&"|"&$D64,'📚 Bộ câu hỏi'!$L$3:$L1059,0)),"Có")="Không","Không","Có")))))} -> Có | L64: =IF($B64="","",$B64&"|"&$C64&"|"&$D64) -> Chung||VH10
A65: Có | B65: Chung | D65: VH10 | E65: ÂM THANH, VĂN HÓA TÔN TRỌNG KHÔNG GIAN | F65: vi phạm | G65: VH10.1 | H65: Trong ca của nhân sự, không gian không có nhạc phát, hoặc nhạc bị tắt giữa ca | I65: Vị trí có đầu việc tại điểm bán | K65: {=IF($B65="","",IF($A65<>"Có","Không",IF($G65="","Có",IF(IFERROR(INDEX('📚 Bộ câu hỏi'!$A$3:$A1059,MATCH($B65&"|"&$C65&"|",'📚 Bộ câu hỏi'!$L$3:$L1059,0)),"Có")="Không","Không",IF(IFERROR(INDEX('📚 Bộ câu hỏi'!$A$3:$A1059,MATCH($B65&"|"&$C65&"|"&$D65,'📚 Bộ câu hỏi'!$L$3:$L1059,0)),"Có")="Không","Không","Có")))))} -> Có | L65: =IF($B65="","",$B65&"|"&$C65&"|"&$D65) -> Chung||VH10
A66: Có | B66: Chung | D66: VH10 | E66: ÂM THANH, VĂN HÓA TÔN TRỌNG KHÔNG GIAN | F66: vi phạm | G66: VH10.2 | H66: Nhân sự để âm lượng lệch mức đã quy định | I66: Vị trí có đầu việc tại điểm bán | K66: {=IF($B66="","",IF($A66<>"Có","Không",IF($G66="","Có",IF(IFERROR(INDEX('📚 Bộ câu hỏi'!$A$3:$A1059,MATCH($B66&"|"&$C66&"|",'📚 Bộ câu hỏi'!$L$3:$L1059,0)),"Có")="Không","Không",IF(IFERROR(INDEX('📚 Bộ câu hỏi'!$A$3:$A1059,MATCH($B66&"|"&$C66&"|"&$D66,'📚 Bộ câu hỏi'!$L$3:$L1059,0)),"Có")="Không","Không","Có")))))} -> Có | L66: =IF($B66="","",$B66&"|"&$C66&"|"&$D66) -> Chung||VH10
A67: Có | B67: Chung | D67: VH10 | E67: ÂM THANH, VĂN HÓA TÔN TRỌNG KHÔNG GIAN | F67: vi phạm | G67: VH10.3 | H67: Nhân sự tự chỉnh âm lượng theo cảm xúc cá nhân mà không hỏi người phụ trách | I67: Vị trí có đầu việc tại điểm bán | K67: {=IF($B67="","",IF($A67<>"Có","Không",IF($G67="","Có",IF(IFERROR(INDEX('📚 Bộ câu hỏi'!$A$3:$A1059,MATCH($B67&"|"&$C67&"|",'📚 Bộ câu hỏi'!$L$3:$L1059,0)),"Có")="Không","Không",IF(IFERROR(INDEX('📚 Bộ câu hỏi'!$A$3:$A1059,MATCH($B67&"|"&$C67&"|"&$D67,'📚 Bộ câu hỏi'!$L$3:$L1059,0)),"Có")="Không","Không","Có")))))} -> Có | L67: =IF($B67="","",$B67&"|"&$C67&"|"&$D67) -> Chung||VH10
A68: Có | B68: Chung | D68: VH10 | E68: ÂM THANH, VĂN HÓA TÔN TRỌNG KHÔNG GIAN | F68: vi phạm | G68: VH10.4 | H68: Khi không gian bị ồn, nhân sự không chủ động dùng biển chỉ dẫn hoặc thẻ gợi ý ngôn ngữ ký hiệu để mời khách điều chỉnh âm lượng | I68: Vị trí có đầu việc tại điểm bán | K68: {=IF($B68="","",IF($A68<>"Có","Không",IF($G68="","Có",IF(IFERROR(INDEX('📚 Bộ câu hỏi'!$A$3:$A1059,MATCH($B68&"|"&$C68&"|",'📚 Bộ câu hỏi'!$L$3:$L1059,0)),"Có")="Không","Không",IF(IFERROR(INDEX('📚 Bộ câu hỏi'!$A$3:$A1059,MATCH($B68&"|"&$C68&"|"&$D68,'📚 Bộ câu hỏi'!$L$3:$L1059,0)),"Có")="Không","Không","Có")))))} -> Có | L68: =IF($B68="","",$B68&"|"&$C68&"|"&$D68) -> Chung||VH10
A69: Có | B69: Chung | D69: VH10 | E69: ÂM THANH, VĂN HÓA TÔN TRỌNG KHÔNG GIAN | F69: vi phạm | G69: VH10.5 | H69: Nhân sự nhắc khách về độ ồn sai quy chuẩn giao tiếp, hoặc bằng thái độ thiếu khéo léo gây gắt gỏng | I69: Vị trí có đầu việc tại điểm bán | K69: {=IF($B69="","",IF($A69<>"Có","Không",IF($G69="","Có",IF(IFERROR(INDEX('📚 Bộ câu hỏi'!$A$3:$A1059,MATCH($B69&"|"&$C69&"|",'📚 Bộ câu hỏi'!$L$3:$L1059,0)),"Có")="Không","Không",IF(IFERROR(INDEX('📚 Bộ câu hỏi'!$A$3:$A1059,MATCH($B69&"|"&$C69&"|"&$D69,'📚 Bộ câu hỏi'!$L$3:$L1059,0)),"Có")="Không","Không","Có")))))} -> Có | L69: =IF($B69="","",$B69&"|"&$C69&"|"&$D69) -> Chung||VH10
A70: Có | B70: Chung | D70: VH10 | E70: ÂM THANH, VĂN HÓA TÔN TRỌNG KHÔNG GIAN | F70: vi phạm | G70: VH10.6 | H70: Âm lượng hoặc tiếng ồn vượt mức quy định mà nhân sự không xử lý, cho tới khi khách phản ứng hoặc quản lý trực tiếp phải nhắc | I70: Vị trí có đầu việc tại điểm bán | K70: {=IF($B70="","",IF($A70<>"Có","Không",IF($G70="","Có",IF(IFERROR(INDEX('📚 Bộ câu hỏi'!$A$3:$A1059,MATCH($B70&"|"&$C70&"|",'📚 Bộ câu hỏi'!$L$3:$L1059,0)),"Có")="Không","Không",IF(IFERROR(INDEX('📚 Bộ câu hỏi'!$A$3:$A1059,MATCH($B70&"|"&$C70&"|"&$D70,'📚 Bộ câu hỏi'!$L$3:$L1059,0)),"Có")="Không","Không","Có")))))} -> Có | L70: =IF($B70="","",$B70&"|"&$C70&"|"&$D70) -> Chung||VH10
A71: Có | B71: Chung | D71: VH11 | E71: CÂY XANH, Ý THỨC GÌN GIỮ GIÁ TRỊ TỰ NHIÊN | F71: vi phạm | K71: {=IF($B71="","",IF($A71<>"Có","Không",IF($G71="","Có",IF(IFERROR(INDEX('📚 Bộ câu hỏi'!$A$3:$A1059,MATCH($B71&"|"&$C71&"|",'📚 Bộ câu hỏi'!$L$3:$L1059,0)),"Có")="Không","Không",IF(IFERROR(INDEX('📚 Bộ câu hỏi'!$A$3:$A1059,MATCH($B71&"|"&$C71&"|"&$D71,'📚 Bộ câu hỏi'!$L$3:$L1059,0)),"Có")="Không","Không","Có")))))} -> Có | L71: =IF($B71="","",$B71&"|"&$C71&"|"&$D71) -> Chung||VH11
A72: Có | B72: Chung | D72: VH11 | E72: CÂY XANH, Ý THỨC GÌN GIỮ GIÁ TRỊ TỰ NHIÊN | F72: vi phạm | G72: VH11.1 | H72: Nhân sự tự ý di chuyển hoặc tác động lên cây | I72: Vị trí có đầu việc tại điểm bán | K72: {=IF($B72="","",IF($A72<>"Có","Không",IF($G72="","Có",IF(IFERROR(INDEX('📚 Bộ câu hỏi'!$A$3:$A1059,MATCH($B72&"|"&$C72&"|",'📚 Bộ câu hỏi'!$L$3:$L1059,0)),"Có")="Không","Không",IF(IFERROR(INDEX('📚 Bộ câu hỏi'!$A$3:$A1059,MATCH($B72&"|"&$C72&"|"&$D72,'📚 Bộ câu hỏi'!$L$3:$L1059,0)),"Có")="Không","Không","Có")))))} -> Có | L72: =IF($B72="","",$B72&"|"&$C72&"|"&$D72) -> Chung||VH11
A73: Có | B73: Chung | D73: VH11 | E73: CÂY XANH, Ý THỨC GÌN GIỮ GIÁ TRỊ TỰ NHIÊN | F73: vi phạm | G73: VH11.2 | H73: Nhân sự không chăm sóc và giữ gìn phần cây trong khu vực mình phụ trách | I73: Vị trí có đầu việc tại điểm bán | K73: {=IF($B73="","",IF($A73<>"Có","Không",IF($G73="","Có",IF(IFERROR(INDEX('📚 Bộ câu hỏi'!$A$3:$A1059,MATCH($B73&"|"&$C73&"|",'📚 Bộ câu hỏi'!$L$3:$L1059,0)),"Có")="Không","Không",IF(IFERROR(INDEX('📚 Bộ câu hỏi'!$A$3:$A1059,MATCH($B73&"|"&$C73&"|"&$D73,'📚 Bộ câu hỏi'!$L$3:$L1059,0)),"Có")="Không","Không","Có")))))} -> Có | L73: =IF($B73="","",$B73&"|"&$C73&"|"&$D73) -> Chung||VH11
A74: Có | B74: Chung | D74: VH11 | E74: CÂY XANH, Ý THỨC GÌN GIỮ GIÁ TRỊ TỰ NHIÊN | F74: vi phạm | G74: VH11.3 | H74: Nhân sự không chủ động nhắc nhở hoặc báo cáo quản lý khi phát hiện cây xanh trong khu vực bị hư hại, bị tác động sai quy định | I74: Vị trí có đầu việc tại điểm bán | K74: {=IF($B74="","",IF($A74<>"Có","Không",IF($G74="","Có",IF(IFERROR(INDEX('📚 Bộ câu hỏi'!$A$3:$A1059,MATCH($B74&"|"&$C74&"|",'📚 Bộ câu hỏi'!$L$3:$L1059,0)),"Có")="Không","Không",IF(IFERROR(INDEX('📚 Bộ câu hỏi'!$A$3:$A1059,MATCH($B74&"|"&$C74&"|"&$D74,'📚 Bộ câu hỏi'!$L$3:$L1059,0)),"Có")="Không","Không","Có")))))} -> Có | L74: =IF($B74="","",$B74&"|"&$C74&"|"&$D74) -> Chung||VH11
A75: Có | B75: Chung | D75: VH11 | E75: CÂY XANH, Ý THỨC GÌN GIỮ GIÁ TRỊ TỰ NHIÊN | F75: vi phạm | G75: VH11.4 | H75: Nhân sự nhắc khách về việc giữ gìn cây xanh bằng thái độ hoặc từ ngữ thiếu chuẩn mực giao tiếp | I75: Vị trí có đầu việc tại điểm bán | K75: {=IF($B75="","",IF($A75<>"Có","Không",IF($G75="","Có",IF(IFERROR(INDEX('📚 Bộ câu hỏi'!$A$3:$A1059,MATCH($B75&"|"&$C75&"|",'📚 Bộ câu hỏi'!$L$3:$L1059,0)),"Có")="Không","Không",IF(IFERROR(INDEX('📚 Bộ câu hỏi'!$A$3:$A1059,MATCH($B75&"|"&$C75&"|"&$D75,'📚 Bộ câu hỏi'!$L$3:$L1059,0)),"Có")="Không","Không","Có")))))} -> Có | L75: =IF($B75="","",$B75&"|"&$C75&"|"&$D75) -> Chung||VH11
A76: Có | B76: Chung | D76: VH11 | E76: CÂY XANH, Ý THỨC GÌN GIỮ GIÁ TRỊ TỰ NHIÊN | F76: vi phạm | G76: VH11.5 | H76: Nhân sự tư vấn hoặc trả lời sai thông tin ý nghĩa logo của Nhà khi khách hỏi | I76: Vị trí có đầu việc tại điểm bán | K76: {=IF($B76="","",IF($A76<>"Có","Không",IF($G76="","Có",IF(IFERROR(INDEX('📚 Bộ câu hỏi'!$A$3:$A1059,MATCH($B76&"|"&$C76&"|",'📚 Bộ câu hỏi'!$L$3:$L1059,0)),"Có")="Không","Không",IF(IFERROR(INDEX('📚 Bộ câu hỏi'!$A$3:$A1059,MATCH($B76&"|"&$C76&"|"&$D76,'📚 Bộ câu hỏi'!$L$3:$L1059,0)),"Có")="Không","Không","Có")))))} -> Có | L76: =IF($B76="","",$B76&"|"&$C76&"|"&$D76) -> Chung||VH11
A77: Có | B77: Chung | D77: VH11 | E77: CÂY XANH, Ý THỨC GÌN GIỮ GIÁ TRỊ TỰ NHIÊN | F77: vi phạm | G77: VH11.6 | H77: Nhân sự thấy cây bị héo, hỏng hoặc đặt sai vị trí mà không báo người phụ trách | I77: Vị trí có đầu việc tại điểm bán | K77: {=IF($B77="","",IF($A77<>"Có","Không",IF($G77="","Có",IF(IFERROR(INDEX('📚 Bộ câu hỏi'!$A$3:$A1059,MATCH($B77&"|"&$C77&"|",'📚 Bộ câu hỏi'!$L$3:$L1059,0)),"Có")="Không","Không",IF(IFERROR(INDEX('📚 Bộ câu hỏi'!$A$3:$A1059,MATCH($B77&"|"&$C77&"|"&$D77,'📚 Bộ câu hỏi'!$L$3:$L1059,0)),"Có")="Không","Không","Có")))))} -> Có | L77: =IF($B77="","",$B77&"|"&$C77&"|"&$D77) -> Chung||VH11
A78: Có | B78: Chung | D78: VH12 | E78: KHÔNG GIAN, TRÁCH NHIỆM CỦA TẤT CẢ | F78: vi phạm | K78: {=IF($B78="","",IF($A78<>"Có","Không",IF($G78="","Có",IF(IFERROR(INDEX('📚 Bộ câu hỏi'!$A$3:$A1059,MATCH($B78&"|"&$C78&"|",'📚 Bộ câu hỏi'!$L$3:$L1059,0)),"Có")="Không","Không",IF(IFERROR(INDEX('📚 Bộ câu hỏi'!$A$3:$A1059,MATCH($B78&"|"&$C78&"|"&$D78,'📚 Bộ câu hỏi'!$L$3:$L1059,0)),"Có")="Không","Không","Có")))))} -> Có | L78: =IF($B78="","",$B78&"|"&$C78&"|"&$D78) -> Chung||VH12
A79: Có | B79: Chung | D79: VH12 | E79: KHÔNG GIAN, TRÁCH NHIỆM CỦA TẤT CẢ | F79: vi phạm | G79: VH12.1 | H79: Nhân sự bỏ qua chi tiết chưa sạch, chưa đẹp, chưa dễ chịu trong khu vực mình đứng | I79: Vị trí có đầu việc tại điểm bán | K79: {=IF($B79="","",IF($A79<>"Có","Không",IF($G79="","Có",IF(IFERROR(INDEX('📚 Bộ câu hỏi'!$A$3:$A1059,MATCH($B79&"|"&$C79&"|",'📚 Bộ câu hỏi'!$L$3:$L1059,0)),"Có")="Không","Không",IF(IFERROR(INDEX('📚 Bộ câu hỏi'!$A$3:$A1059,MATCH($B79&"|"&$C79&"|"&$D79,'📚 Bộ câu hỏi'!$L$3:$L1059,0)),"Có")="Không","Không","Có")))))} -> Có | L79: =IF($B79="","",$B79&"|"&$C79&"|"&$D79) -> Chung||VH12
A80: Có | B80: Chung | D80: VH12 | E80: KHÔNG GIAN, TRÁCH NHIỆM CỦA TẤT CẢ | F80: vi phạm | G80: VH12.2 | H80: Nhân sự không chủ động hỗ trợ dọn dẹp, chăm sóc khu vực chung hoặc khu vực lân cận khi khu vực đó đang quá tải hay chưa đạt chuẩn | I80: Vị trí có đầu việc tại điểm bán | K80: {=IF($B80="","",IF($A80<>"Có","Không",IF($G80="","Có",IF(IFERROR(INDEX('📚 Bộ câu hỏi'!$A$3:$A1059,MATCH($B80&"|"&$C80&"|",'📚 Bộ câu hỏi'!$L$3:$L1059,0)),"Có")="Không","Không",IF(IFERROR(INDEX('📚 Bộ câu hỏi'!$A$3:$A1059,MATCH($B80&"|"&$C80&"|"&$D80,'📚 Bộ câu hỏi'!$L$3:$L1059,0)),"Có")="Không","Không","Có")))))} -> Có | L80: =IF($B80="","",$B80&"|"&$C80&"|"&$D80) -> Chung||VH12
A81: Có | B81: Chung | D81: VH12 | E81: KHÔNG GIAN, TRÁCH NHIỆM CỦA TẤT CẢ | F81: vi phạm | G81: VH12.3 | H81: Đầu ca, nhân sự không quan sát toàn bộ không gian và không xử lý xong trước khi khách vào | I81: Vị trí có đầu việc tại điểm bán | K81: {=IF($B81="","",IF($A81<>"Có","Không",IF($G81="","Có",IF(IFERROR(INDEX('📚 Bộ câu hỏi'!$A$3:$A1059,MATCH($B81&"|"&$C81&"|",'📚 Bộ câu hỏi'!$L$3:$L1059,0)),"Có")="Không","Không",IF(IFERROR(INDEX('📚 Bộ câu hỏi'!$A$3:$A1059,MATCH($B81&"|"&$C81&"|"&$D81,'📚 Bộ câu hỏi'!$L$3:$L1059,0)),"Có")="Không","Không","Có")))))} -> Có | L81: =IF($B81="","",$B81&"|"&$C81&"|"&$D81) -> Chung||VH12
A82: Có | B82: Chung | D82: VH12 | E82: KHÔNG GIAN, TRÁCH NHIỆM CỦA TẤT CẢ | F82: vi phạm | G82: VH12.4 | H82: Nhân sự không xử lý và không báo cáo quản lý khi phát hiện chi tiết lệch chuẩn trong không gian: vật dụng đặt sai chỗ, vết bẩn, hỏng hóc | I82: Vị trí có đầu việc tại điểm bán | K82: {=IF($B82="","",IF($A82<>"Có","Không",IF($G82="","Có",IF(IFERROR(INDEX('📚 Bộ câu hỏi'!$A$3:$A1059,MATCH($B82&"|"&$C82&"|",'📚 Bộ câu hỏi'!$L$3:$L1059,0)),"Có")="Không","Không",IF(IFERROR(INDEX('📚 Bộ câu hỏi'!$A$3:$A1059,MATCH($B82&"|"&$C82&"|"&$D82,'📚 Bộ câu hỏi'!$L$3:$L1059,0)),"Có")="Không","Không","Có")))))} -> Có | L82: =IF($B82="","",$B82&"|"&$C82&"|"&$D82) -> Chung||VH12
A83: Có | B83: Chung | D83: VH12 | E83: KHÔNG GIAN, TRÁCH NHIỆM CỦA TẤT CẢ | F83: vi phạm | G83: VH12.5 | H83: Nhân sự ra về hoặc rời vị trí công tác mà không kiểm tra, không tắt các thiết bị điện và công cụ, gây lãng phí hoặc mất an toàn | I83: Vị trí có đầu việc tại điểm bán | K83: {=IF($B83="","",IF($A83<>"Có","Không",IF($G83="","Có",IF(IFERROR(INDEX('📚 Bộ câu hỏi'!$A$3:$A1059,MATCH($B83&"|"&$C83&"|",'📚 Bộ câu hỏi'!$L$3:$L1059,0)),"Có")="Không","Không",IF(IFERROR(INDEX('📚 Bộ câu hỏi'!$A$3:$A1059,MATCH($B83&"|"&$C83&"|"&$D83,'📚 Bộ câu hỏi'!$L$3:$L1059,0)),"Có")="Không","Không","Có")))))} -> Có | L83: =IF($B83="","",$B83&"|"&$C83&"|"&$D83) -> Chung||VH12
A84: Có | B84: Chung | D84: TC1 | E84: GIAO TIẾP VÀ PHỐI HỢP | F84: vi phạm | K84: {=IF($B84="","",IF($A84<>"Có","Không",IF($G84="","Có",IF(IFERROR(INDEX('📚 Bộ câu hỏi'!$A$3:$A1059,MATCH($B84&"|"&$C84&"|",'📚 Bộ câu hỏi'!$L$3:$L1059,0)),"Có")="Không","Không",IF(IFERROR(INDEX('📚 Bộ câu hỏi'!$A$3:$A1059,MATCH($B84&"|"&$C84&"|"&$D84,'📚 Bộ câu hỏi'!$L$3:$L1059,0)),"Có")="Không","Không","Có")))))} -> Có | L84: =IF($B84="","",$B84&"|"&$C84&"|"&$D84) -> Chung||TC1
A85: Có | B85: Chung | D85: TC1 | E85: GIAO TIẾP VÀ PHỐI HỢP | F85: vi phạm | G85: TC1.1 | H85: Nhân sự trao đổi không rõ trong phạm vi việc của mình, người khác phải hỏi lại mới hiểu | I85: Tất cả nhân sự | K85: {=IF($B85="","",IF($A85<>"Có","Không",IF($G85="","Có",IF(IFERROR(INDEX('📚 Bộ câu hỏi'!$A$3:$A1059,MATCH($B85&"|"&$C85&"|",'📚 Bộ câu hỏi'!$L$3:$L1059,0)),"Có")="Không","Không",IF(IFERROR(INDEX('📚 Bộ câu hỏi'!$A$3:$A1059,MATCH($B85&"|"&$C85&"|"&$D85,'📚 Bộ câu hỏi'!$L$3:$L1059,0)),"Có")="Không","Không","Có")))))} -> Có | L85: =IF($B85="","",$B85&"|"&$C85&"|"&$D85) -> Chung||TC1
A86: Có | B86: Chung | D86: TC1 | E86: GIAO TIẾP VÀ PHỐI HỢP | F86: vi phạm | G86: TC1.2 | H86: Nhân sự không thông tin cho người liên quan, cho tới khi họ phải hỏi | I86: Tất cả nhân sự | K86: {=IF($B86="","",IF($A86<>"Có","Không",IF($G86="","Có",IF(IFERROR(INDEX('📚 Bộ câu hỏi'!$A$3:$A1059,MATCH($B86&"|"&$C86&"|",'📚 Bộ câu hỏi'!$L$3:$L1059,0)),"Có")="Không","Không",IF(IFERROR(INDEX('📚 Bộ câu hỏi'!$A$3:$A1059,MATCH($B86&"|"&$C86&"|"&$D86,'📚 Bộ câu hỏi'!$L$3:$L1059,0)),"Có")="Không","Không","Có")))))} -> Có | L86: =IF($B86="","",$B86&"|"&$C86&"|"&$D86) -> Chung||TC1
A87: Có | B87: Chung | D87: TC1 | E87: GIAO TIẾP VÀ PHỐI HỢP | F87: vi phạm | G87: TC1.3 | H87: Bất đồng trong bộ phận thuộc thẩm quyền của nhân sự mà nhân sự không xử lý bằng trao đổi trực tiếp | I87: Tất cả nhân sự | K87: {=IF($B87="","",IF($A87<>"Có","Không",IF($G87="","Có",IF(IFERROR(INDEX('📚 Bộ câu hỏi'!$A$3:$A1059,MATCH($B87&"|"&$C87&"|",'📚 Bộ câu hỏi'!$L$3:$L1059,0)),"Có")="Không","Không",IF(IFERROR(INDEX('📚 Bộ câu hỏi'!$A$3:$A1059,MATCH($B87&"|"&$C87&"|"&$D87,'📚 Bộ câu hỏi'!$L$3:$L1059,0)),"Có")="Không","Không","Có")))))} -> Có | L87: =IF($B87="","",$B87&"|"&$C87&"|"&$D87) -> Chung||TC1
A88: Có | B88: Chung | D88: TC1 | E88: GIAO TIẾP VÀ PHỐI HỢP | F88: vi phạm | G88: TC1.4 | H88: Nhân sự làm việc với bộ phận khác không trôi chảy khi hai bên có ưu tiên khác nhau | I88: Tất cả nhân sự | K88: {=IF($B88="","",IF($A88<>"Có","Không",IF($G88="","Có",IF(IFERROR(INDEX('📚 Bộ câu hỏi'!$A$3:$A1059,MATCH($B88&"|"&$C88&"|",'📚 Bộ câu hỏi'!$L$3:$L1059,0)),"Có")="Không","Không",IF(IFERROR(INDEX('📚 Bộ câu hỏi'!$A$3:$A1059,MATCH($B88&"|"&$C88&"|"&$D88,'📚 Bộ câu hỏi'!$L$3:$L1059,0)),"Có")="Không","Không","Có")))))} -> Có | L88: =IF($B88="","",$B88&"|"&$C88&"|"&$D88) -> Chung||TC1
A89: Có | B89: Chung | D89: TC3 | E89: CÔNG NGHỆ VÀ CÔNG CỤ, PHẦN CHUẨN | F89: vi phạm | K89: {=IF($B89="","",IF($A89<>"Có","Không",IF($G89="","Có",IF(IFERROR(INDEX('📚 Bộ câu hỏi'!$A$3:$A1059,MATCH($B89&"|"&$C89&"|",'📚 Bộ câu hỏi'!$L$3:$L1059,0)),"Có")="Không","Không",IF(IFERROR(INDEX('📚 Bộ câu hỏi'!$A$3:$A1059,MATCH($B89&"|"&$C89&"|"&$D89,'📚 Bộ câu hỏi'!$L$3:$L1059,0)),"Có")="Không","Không","Có")))))} -> Có | L89: =IF($B89="","",$B89&"|"&$C89&"|"&$D89) -> Chung||TC3
A90: Có | B90: Chung | D90: TC3 | E90: CÔNG NGHỆ VÀ CÔNG CỤ, PHẦN CHUẨN | F90: vi phạm | G90: TC3.1 | H90: Nhân sự phải có người nhắc mới dùng bộ công cụ số bắt buộc của vị trí mình | I90: Tất cả nhân sự | K90: {=IF($B90="","",IF($A90<>"Có","Không",IF($G90="","Có",IF(IFERROR(INDEX('📚 Bộ câu hỏi'!$A$3:$A1059,MATCH($B90&"|"&$C90&"|",'📚 Bộ câu hỏi'!$L$3:$L1059,0)),"Có")="Không","Không",IF(IFERROR(INDEX('📚 Bộ câu hỏi'!$A$3:$A1059,MATCH($B90&"|"&$C90&"|"&$D90,'📚 Bộ câu hỏi'!$L$3:$L1059,0)),"Có")="Không","Không","Có")))))} -> Có | L90: =IF($B90="","",$B90&"|"&$C90&"|"&$D90) -> Chung||TC3
A91: Có | B91: Chung | D91: TC3 | E91: CÔNG NGHỆ VÀ CÔNG CỤ, PHẦN CHUẨN | F91: vi phạm | G91: TC3.2 | H91: Nhân sự nhập dữ liệu sai chuẩn, phải sửa lại sau | I91: Tất cả nhân sự | K91: {=IF($B91="","",IF($A91<>"Có","Không",IF($G91="","Có",IF(IFERROR(INDEX('📚 Bộ câu hỏi'!$A$3:$A1059,MATCH($B91&"|"&$C91&"|",'📚 Bộ câu hỏi'!$L$3:$L1059,0)),"Có")="Không","Không",IF(IFERROR(INDEX('📚 Bộ câu hỏi'!$A$3:$A1059,MATCH($B91&"|"&$C91&"|"&$D91,'📚 Bộ câu hỏi'!$L$3:$L1059,0)),"Có")="Không","Không","Có")))))} -> Có | L91: =IF($B91="","",$B91&"|"&$C91&"|"&$D91) -> Chung||TC3
A92: Có | B92: Chung | D92: TC3 | E92: CÔNG NGHỆ VÀ CÔNG CỤ, PHẦN CHUẨN | F92: vi phạm | G92: TC3.3 | H92: Nhân sự không thực hiện đúng các thao tác xử lý sự cố công cụ hoặc phần mềm cơ bản đã được hướng dẫn trong tài liệu chuẩn | I92: Tất cả nhân sự | K92: {=IF($B92="","",IF($A92<>"Có","Không",IF($G92="","Có",IF(IFERROR(INDEX('📚 Bộ câu hỏi'!$A$3:$A1059,MATCH($B92&"|"&$C92&"|",'📚 Bộ câu hỏi'!$L$3:$L1059,0)),"Có")="Không","Không",IF(IFERROR(INDEX('📚 Bộ câu hỏi'!$A$3:$A1059,MATCH($B92&"|"&$C92&"|"&$D92,'📚 Bộ câu hỏi'!$L$3:$L1059,0)),"Có")="Không","Không","Có")))))} -> Có | L92: =IF($B92="","",$B92&"|"&$C92&"|"&$D92) -> Chung||TC3
A93: Có | B93: Chung | D93: TC3 | E93: CÔNG NGHỆ VÀ CÔNG CỤ, PHẦN CHUẨN | F93: vi phạm | G93: TC3.4 | H93: Nhân sự dùng kết quả do AI sinh ra mà không rà lại | I93: Tất cả nhân sự | K93: {=IF($B93="","",IF($A93<>"Có","Không",IF($G93="","Có",IF(IFERROR(INDEX('📚 Bộ câu hỏi'!$A$3:$A1059,MATCH($B93&"|"&$C93&"|",'📚 Bộ câu hỏi'!$L$3:$L1059,0)),"Có")="Không","Không",IF(IFERROR(INDEX('📚 Bộ câu hỏi'!$A$3:$A1059,MATCH($B93&"|"&$C93&"|"&$D93,'📚 Bộ câu hỏi'!$L$3:$L1059,0)),"Có")="Không","Không","Có")))))} -> Có | L93: =IF($B93="","",$B93&"|"&$C93&"|"&$D93) -> Chung||TC3
A94: Có | B94: Chung | D94: TC3 | E94: CÔNG NGHỆ VÀ CÔNG CỤ, PHẦN CHUẨN | F94: vi phạm | G94: TC3.5 | H94: Nhân sự không cập nhật trạng thái công việc, báo cáo lên phần mềm và công cụ chung đúng thời gian quy định | I94: Tất cả nhân sự | K94: {=IF($B94="","",IF($A94<>"Có","Không",IF($G94="","Có",IF(IFERROR(INDEX('📚 Bộ câu hỏi'!$A$3:$A1059,MATCH($B94&"|"&$C94&"|",'📚 Bộ câu hỏi'!$L$3:$L1059,0)),"Có")="Không","Không",IF(IFERROR(INDEX('📚 Bộ câu hỏi'!$A$3:$A1059,MATCH($B94&"|"&$C94&"|"&$D94,'📚 Bộ câu hỏi'!$L$3:$L1059,0)),"Có")="Không","Không","Có")))))} -> Có | L94: =IF($B94="","",$B94&"|"&$C94&"|"&$D94) -> Chung||TC3
A95: Có | B95: Chung | D95: TC3 | E95: CÔNG NGHỆ VÀ CÔNG CỤ, PHẦN CHUẨN | F95: vi phạm | G95: TC3.6 | H95: Nhân sự dùng sai công cụ cho loại việc đang làm, và không nêu được căn cứ chọn | I95: Tất cả nhân sự | K95: {=IF($B95="","",IF($A95<>"Có","Không",IF($G95="","Có",IF(IFERROR(INDEX('📚 Bộ câu hỏi'!$A$3:$A1059,MATCH($B95&"|"&$C95&"|",'📚 Bộ câu hỏi'!$L$3:$L1059,0)),"Có")="Không","Không",IF(IFERROR(INDEX('📚 Bộ câu hỏi'!$A$3:$A1059,MATCH($B95&"|"&$C95&"|"&$D95,'📚 Bộ câu hỏi'!$L$3:$L1059,0)),"Có")="Không","Không","Có")))))} -> Có | L95: =IF($B95="","",$B95&"|"&$C95&"|"&$D95) -> Chung||TC3
A96: Có | B96: Chung | D96: TC3 | E96: CÔNG NGHỆ VÀ CÔNG CỤ, PHẦN CHUẨN | F96: vi phạm | G96: TC3.7 | H96: Sản phẩm nhân sự giao phải làm lại vì chưa đúng chuẩn ngay lần đầu | I96: Tất cả nhân sự | K96: {=IF($B96="","",IF($A96<>"Có","Không",IF($G96="","Có",IF(IFERROR(INDEX('📚 Bộ câu hỏi'!$A$3:$A1059,MATCH($B96&"|"&$C96&"|",'📚 Bộ câu hỏi'!$L$3:$L1059,0)),"Có")="Không","Không",IF(IFERROR(INDEX('📚 Bộ câu hỏi'!$A$3:$A1059,MATCH($B96&"|"&$C96&"|"&$D96,'📚 Bộ câu hỏi'!$L$3:$L1059,0)),"Có")="Không","Không","Có")))))} -> Có | L96: =IF($B96="","",$B96&"|"&$C96&"|"&$D96) -> Chung||TC3
A97: Có | B97: Chung | D97: TC3 | E97: CÔNG NGHỆ VÀ CÔNG CỤ, PHẦN CHUẨN | F97: vi phạm | G97: TC3.8 | H97: Người khác phải hỏi thêm mới dùng lại được sản phẩm nhân sự giao | I97: Tất cả nhân sự | K97: {=IF($B97="","",IF($A97<>"Có","Không",IF($G97="","Có",IF(IFERROR(INDEX('📚 Bộ câu hỏi'!$A$3:$A1059,MATCH($B97&"|"&$C97&"|",'📚 Bộ câu hỏi'!$L$3:$L1059,0)),"Có")="Không","Không",IF(IFERROR(INDEX('📚 Bộ câu hỏi'!$A$3:$A1059,MATCH($B97&"|"&$C97&"|"&$D97,'📚 Bộ câu hỏi'!$L$3:$L1059,0)),"Có")="Không","Không","Có")))))} -> Có | L97: =IF($B97="","",$B97&"|"&$C97&"|"&$D97) -> Chung||TC3
A98: Có | B98: Chung | D98: TC6 | E98: THẤU CẢM & HÒA HỢP TRONG ĐỘI NHÓM | F98: vi phạm | K98: {=IF($B98="","",IF($A98<>"Có","Không",IF($G98="","Có",IF(IFERROR(INDEX('📚 Bộ câu hỏi'!$A$3:$A1059,MATCH($B98&"|"&$C98&"|",'📚 Bộ câu hỏi'!$L$3:$L1059,0)),"Có")="Không","Không",IF(IFERROR(INDEX('📚 Bộ câu hỏi'!$A$3:$A1059,MATCH($B98&"|"&$C98&"|"&$D98,'📚 Bộ câu hỏi'!$L$3:$L1059,0)),"Có")="Không","Không","Có")))))} -> Có | L98: =IF($B98="","",$B98&"|"&$C98&"|"&$D98) -> Chung||TC6
A99: Có | B99: Chung | D99: TC6 | E99: THẤU CẢM & HÒA HỢP TRONG ĐỘI NHÓM | F99: vi phạm | G99: TC6.1 | H99: Nhân sự trao đổi về sai sót của một đồng nghiệp trước mặt người khác, trong khi việc đó trao đổi riêng được | I99: Tất cả nhân sự | K99: {=IF($B99="","",IF($A99<>"Có","Không",IF($G99="","Có",IF(IFERROR(INDEX('📚 Bộ câu hỏi'!$A$3:$A1059,MATCH($B99&"|"&$C99&"|",'📚 Bộ câu hỏi'!$L$3:$L1059,0)),"Có")="Không","Không",IF(IFERROR(INDEX('📚 Bộ câu hỏi'!$A$3:$A1059,MATCH($B99&"|"&$C99&"|"&$D99,'📚 Bộ câu hỏi'!$L$3:$L1059,0)),"Có")="Không","Không","Có")))))} -> Có | L99: =IF($B99="","",$B99&"|"&$C99&"|"&$D99) -> Chung||TC6
A100: Có | B100: Chung | D100: TC6 | E100: THẤU CẢM & HÒA HỢP TRONG ĐỘI NHÓM | F100: vi phạm | G100: TC6.2 | H100: Đồng nghiệp nêu ý kiến khác, nhân sự phản ứng về người nêu thay vì trao đổi về nội dung ý kiến | I100: Tất cả nhân sự | K100: {=IF($B100="","",IF($A100<>"Có","Không",IF($G100="","Có",IF(IFERROR(INDEX('📚 Bộ câu hỏi'!$A$3:$A1059,MATCH($B100&"|"&$C100&"|",'📚 Bộ câu hỏi'!$L$3:$L1059,0)),"Có")="Không","Không",IF(IFERROR(INDEX('📚 Bộ câu hỏi'!$A$3:$A1059,MATCH($B100&"|"&$C100&"|"&$D100,'📚 Bộ câu hỏi'!$L$3:$L1059,0)),"Có")="Không","Không","Có")))))} -> Có | L100: =IF($B100="","",$B100&"|"&$C100&"|"&$D100) -> Chung||TC6
...

Sheet 📊 Điểm nền
A1: 📊 ĐIỂM NỀN ƯỚC TÍNH - Tự tính lại mỗi lần sửa một dòng của sheet 📚 Bộ câu hỏi. Không có ô nào nhập tay ở đây.
B2: Hình dạng phiếu | C2: Điểm nền | D2: Bậc cách làm việc | E2: Ghi chú
B3: Tuyến chưa có ngạch riêng, 6 tuyến | C3: =ROUND(5*(IFERROR((COUNTIFS('📚 Bộ câu hỏi'!$K$3:$K1000,"Có",'📚 Bộ câu hỏi'!$B$3:$B1000,"Chung",'📚 Bộ câu hỏi'!$G$3:$G1000,"<>",'📚 Bộ câu hỏi'!$F$3:$F1000,"vi phạm")-COUNTIFS('📚 Bộ câu hỏi'!$K$3:$K1000,"Có",'📚 Bộ câu hỏi'!$B$3:$B1000,"Chung",'📚 Bộ câu hỏi'!$G$3:$G1000,"<>",'📚 Bộ câu hỏi'!$F$3:$F1000,"vi phạm",'📚 Bộ câu hỏi'!$D$3:$D1000,"VH9")-COUNTIFS('📚 Bộ câu hỏi'!$K$3:$K1000,"Có",'📚 Bộ câu hỏi'!$B$3:$B1000,"Chung",'📚 Bộ câu hỏi'!$G$3:$G1000,"<>",'📚 Bộ câu hỏi'!$F$3:$F1000,"vi phạm",'📚 Bộ câu hỏi'!$D$3:$D1000,"VH10")-COUNTIFS('📚 Bộ câu hỏi'!$K$3:$K1000,"Có",'📚 Bộ câu hỏi'!$B$3:$B1000,"Chung",'📚 Bộ câu hỏi'!$G$3:$G1000,"<>",'📚 Bộ câu hỏi'!$F$3:$F1000,"vi phạm",'📚 Bộ câu hỏi'!$D$3:$D1000,"VH11")-COUNTIFS('📚 Bộ câu hỏi'!$K$3:$K1000,"Có",'📚 Bộ câu hỏi'!$B$3:$B1000,"Chung",'📚 Bộ câu hỏi'!$G$3:$G1000,"<>",'📚 Bộ câu hỏi'!$F$3:$F1000,"vi phạm",'📚 Bộ câu hỏi'!$D$3:$D1000,"VH12")-COUNTIFS('📚 Bộ câu hỏi'!$K$3:$K1000,"Có",'📚 Bộ câu hỏi'!$B$3:$B1000,"Chung",'📚 Bộ câu hỏi'!$G$3:$G1000,"<>",'📚 Bộ câu hỏi'!$F$3:$F1000,"vi phạm",'📚 Bộ câu hỏi'!$D$3:$D1000,"VH13"))/(COUNTIFS('📚 Bộ câu hỏi'!$K$3:$K1000,"Có",'📚 Bộ câu hỏi'!$B$3:$B1000,"Chung",'📚 Bộ câu hỏi'!$G$3:$G1000,"<>")-COUNTIFS('📚 Bộ câu hỏi'!$K$3:$K1000,"Có",'📚 Bộ câu hỏi'!$B$3:$B1000,"Chung",'📚 Bộ câu hỏi'!$G$3:$G1000,"<>",'📚 Bộ câu hỏi'!$D$3:$D1000,"VH9")-COUNTIFS('📚 Bộ câu hỏi'!$K$3:$K1000,"Có",'📚 Bộ câu hỏi'!$B$3:$B1000,"Chung",'📚 Bộ câu hỏi'!$G$3:$G1000,"<>",'📚 Bộ câu hỏi'!$D$3:$D1000,"VH10")-COUNTIFS('📚 Bộ câu hỏi'!$K$3:$K1000,"Có",'📚 Bộ câu hỏi'!$B$3:$B1000,"Chung",'📚 Bộ câu hỏi'!$G$3:$G1000,"<>",'📚 Bộ câu hỏi'!$D$3:$D1000,"VH11")-COUNTIFS('📚 Bộ câu hỏi'!$K$3:$K1000,"Có",'📚 Bộ câu hỏi'!$B$3:$B1000,"Chung",'📚 Bộ câu hỏi'!$G$3:$G1000,"<>",'📚 Bộ câu hỏi'!$D$3:$D1000,"VH12")-COUNTIFS('📚 Bộ câu hỏi'!$K$3:$K1000,"Có",'📚 Bộ câu hỏi'!$B$3:$B1000,"Chung",'📚 Bộ câu hỏi'!$G$3:$G1000,"<>",'📚 Bộ câu hỏi'!$D$3:$D1000,"VH13")),0)),2) -> 4.08 | D3: {=IFERROR(INDEX(NR_NG_BAC,MATCH($C3/5,NR_NG_TL,1)),"")} -> 4
B4: Thương mại & Dịch vụ, nhân viên | C4: =ROUND(5*(TS_TS_VH1*IFERROR((COUNTIFS('📚 Bộ câu hỏi'!$K$3:$K1000,"Có",'📚 Bộ câu hỏi'!$B$3:$B1000,"Chung",'📚 Bộ câu hỏi'!$G$3:$G1000,"<>",'📚 Bộ câu hỏi'!$F$3:$F1000,"vi phạm")-COUNTIFS('📚 Bộ câu hỏi'!$K$3:$K1000,"Có",'📚 Bộ câu hỏi'!$B$3:$B1000,"Chung",'📚 Bộ câu hỏi'!$G$3:$G1000,"<>",'📚 Bộ câu hỏi'!$F$3:$F1000,"vi phạm",'📚 Bộ câu hỏi'!$D$3:$D1000,"TC1"))/(COUNTIFS('📚 Bộ câu hỏi'!$K$3:$K1000,"Có",'📚 Bộ câu hỏi'!$B$3:$B1000,"Chung",'📚 Bộ câu hỏi'!$G$3:$G1000,"<>")-COUNTIFS('📚 Bộ câu hỏi'!$K$3:$K1000,"Có",'📚 Bộ câu hỏi'!$B$3:$B1000,"Chung",'📚 Bộ câu hỏi'!$G$3:$G1000,"<>",'📚 Bộ câu hỏi'!$D$3:$D1000,"TC1")),0)+TS_TS_CM1*IFERROR((COUNTIFS('📚 Bộ câu hỏi'!$K$3:$K1000,"Có",'📚 Bộ câu hỏi'!$B$3:$B1000,"Chuyên môn",'📚 Bộ câu hỏi'!$C$3:$C1000,"Thương mại & Dịch vụ",'📚 Bộ câu hỏi'!$G$3:$G1000,"<>",'📚 Bộ câu hỏi'!$F$3:$F1000,"vi phạm"))/(COUNTIFS('📚 Bộ câu hỏi'!$K$3:$K1000,"Có",'📚 Bộ câu hỏi'!$B$3:$B1000,"Chuyên môn",'📚 Bộ câu hỏi'!$C$3:$C1000,"Thương mại & Dịch vụ",'📚 Bộ câu hỏi'!$G$3:$G1000,"<>")),0)),2) -> 4.52 | D4: {=IFERROR(INDEX(NR_NG_BAC,MATCH($C4/5,NR_NG_TL,1)),"")} -> 5
B5: Thương mại & Dịch vụ, quản lý | C5: =ROUND(5*(TS_TS_VH2*IFERROR((COUNTIFS('📚 Bộ câu hỏi'!$K$3:$K1000,"Có",'📚 Bộ câu hỏi'!$B$3:$B1000,"Chung",'📚 Bộ câu hỏi'!$G$3:$G1000,"<>",'📚 Bộ câu hỏi'!$F$3:$F1000,"vi phạm")-COUNTIFS('📚 Bộ câu hỏi'!$K$3:$K1000,"Có",'📚 Bộ câu hỏi'!$B$3:$B1000,"Chung",'📚 Bộ câu hỏi'!$G$3:$G1000,"<>",'📚 Bộ câu hỏi'!$F$3:$F1000,"vi phạm",'📚 Bộ câu hỏi'!$D$3:$D1000,"TC1"))/(COUNTIFS('📚 Bộ câu hỏi'!$K$3:$K1000,"Có",'📚 Bộ câu hỏi'!$B$3:$B1000,"Chung",'📚 Bộ câu hỏi'!$G$3:$G1000,"<>")-COUNTIFS('📚 Bộ câu hỏi'!$K$3:$K1000,"Có",'📚 Bộ câu hỏi'!$B$3:$B1000,"Chung",'📚 Bộ câu hỏi'!$G$3:$G1000,"<>",'📚 Bộ câu hỏi'!$D$3:$D1000,"TC1")),0)+TS_TS_QL2*IFERROR((COUNTIFS('📚 Bộ câu hỏi'!$K$3:$K1000,"Có",'📚 Bộ câu hỏi'!$B$3:$B1000,"Quản lý",'📚 Bộ câu hỏi'!$C$3:$C1000,"Thương mại & Dịch vụ",'📚 Bộ câu hỏi'!$G$3:$G1000,"<>",'📚 Bộ câu hỏi'!$F$3:$F1000,"vi phạm"))/(COUNTIFS('📚 Bộ câu hỏi'!$K$3:$K1000,"Có",'📚 Bộ câu hỏi'!$B$3:$B1000,"Quản lý",'📚 Bộ câu hỏi'!$C$3:$C1000,"Thương mại & Dịch vụ",'📚 Bộ câu hỏi'!$G$3:$G1000,"<>")),0)+TS_TS_CM2*IFERROR((COUNTIFS('📚 Bộ câu hỏi'!$K$3:$K1000,"Có",'📚 Bộ câu hỏi'!$B$3:$B1000,"Chuyên môn",'📚 Bộ câu hỏi'!$C$3:$C1000,"Thương mại & Dịch vụ",'📚 Bộ câu hỏi'!$G$3:$G1000,"<>",'📚 Bộ câu hỏi'!$F$3:$F1000,"vi phạm"))/(COUNTIFS('📚 Bộ câu hỏi'!$K$3:$K1000,"Có",'📚 Bộ câu hỏi'!$B$3:$B1000,"Chuyên môn",'📚 Bộ câu hỏi'!$C$3:$C1000,"Thương mại & Dịch vụ",'📚 Bộ câu hỏi'!$G$3:$G1000,"<>")),0)),2) -> 4.19 | D5: {=IFERROR(INDEX(NR_NG_BAC,MATCH($C5/5,NR_NG_TL,1)),"")} -> 4
B6: Nhân sự - Hành chính - Pháp chế, nhân viên | C6: =ROUND(5*(TS_TS_VH1*IFERROR((COUNTIFS('📚 Bộ câu hỏi'!$K$3:$K1000,"Có",'📚 Bộ câu hỏi'!$B$3:$B1000,"Chung",'📚 Bộ câu hỏi'!$G$3:$G1000,"<>",'📚 Bộ câu hỏi'!$F$3:$F1000,"vi phạm")-COUNTIFS('📚 Bộ câu hỏi'!$K$3:$K1000,"Có",'📚 Bộ câu hỏi'!$B$3:$B1000,"Chung",'📚 Bộ câu hỏi'!$G$3:$G1000,"<>",'📚 Bộ câu hỏi'!$F$3:$F1000,"vi phạm",'📚 Bộ câu hỏi'!$D$3:$D1000,"VH9")-COUNTIFS('📚 Bộ câu hỏi'!$K$3:$K1000,"Có",'📚 Bộ câu hỏi'!$B$3:$B1000,"Chung",'📚 Bộ câu hỏi'!$G$3:$G1000,"<>",'📚 Bộ câu hỏi'!$F$3:$F1000,"vi phạm",'📚 Bộ câu hỏi'!$D$3:$D1000,"VH10")-COUNTIFS('📚 Bộ câu hỏi'!$K$3:$K1000,"Có",'📚 Bộ câu hỏi'!$B$3:$B1000,"Chung",'📚 Bộ câu hỏi'!$G$3:$G1000,"<>",'📚 Bộ câu hỏi'!$F$3:$F1000,"vi phạm",'📚 Bộ câu hỏi'!$D$3:$D1000,"VH11")-COUNTIFS('📚 Bộ câu hỏi'!$K$3:$K1000,"Có",'📚 Bộ câu hỏi'!$B$3:$B1000,"Chung",'📚 Bộ câu hỏi'!$G$3:$G1000,"<>",'📚 Bộ câu hỏi'!$F$3:$F1000,"vi phạm",'📚 Bộ câu hỏi'!$D$3:$D1000,"VH12")-COUNTIFS('📚 Bộ câu hỏi'!$K$3:$K1000,"Có",'📚 Bộ câu hỏi'!$B$3:$B1000,"Chung",'📚 Bộ câu hỏi'!$G$3:$G1000,"<>",'📚 Bộ câu hỏi'!$F$3:$F1000,"vi phạm",'📚 Bộ câu hỏi'!$D$3:$D1000,"VH13"))/(COUNTIFS('📚 Bộ câu hỏi'!$K$3:$K1000,"Có",'📚 Bộ câu hỏi'!$B$3:$B1000,"Chung",'📚 Bộ câu hỏi'!$G$3:$G1000,"<>")-COUNTIFS('📚 Bộ câu hỏi'!$K$3:$K1000,"Có",'📚 Bộ câu hỏi'!$B$3:$B1000,"Chung",'📚 Bộ câu hỏi'!$G$3:$G1000,"<>",'📚 Bộ câu hỏi'!$D$3:$D1000,"VH9")-COUNTIFS('📚 Bộ câu hỏi'!$K$3:$K1000,"Có",'📚 Bộ câu hỏi'!$B$3:$B1000,"Chung",'📚 Bộ câu hỏi'!$G$3:$G1000,"<>",'📚 Bộ câu hỏi'!$D$3:$D1000,"VH10")-COUNTIFS('📚 Bộ câu hỏi'!$K$3:$K1000,"Có",'📚 Bộ câu hỏi'!$B$3:$B1000,"Chung",'📚 Bộ câu hỏi'!$G$3:$G1000,"<>",'📚 Bộ câu hỏi'!$D$3:$D1000,"VH11")-COUNTIFS('📚 Bộ câu hỏi'!$K$3:$K1000,"Có",'📚 Bộ câu hỏi'!$B$3:$B1000,"Chung",'📚 Bộ câu hỏi'!$G$3:$G1000,"<>",'📚 Bộ câu hỏi'!$D$3:$D1000,"VH12")-COUNTIFS('📚 Bộ câu hỏi'!$K$3:$K1000,"Có",'📚 Bộ câu hỏi'!$B$3:$B1000,"Chung",'📚 Bộ câu hỏi'!$G$3:$G1000,"<>",'📚 Bộ câu hỏi'!$D$3:$D1000,"VH13")),0)+TS_TS_CM1*IFERROR((COUNTIFS('📚 Bộ câu hỏi'!$K$3:$K1000,"Có",'📚 Bộ câu hỏi'!$B$3:$B1000,"Chuyên môn",'📚 Bộ câu hỏi'!$C$3:$C1000,"Nhân sự - Hành chính - Pháp chế",'📚 Bộ câu hỏi'!$G$3:$G1000,"<>",'📚 Bộ câu hỏi'!$F$3:$F1000,"vi phạm"))/(COUNTIFS('📚 Bộ câu hỏi'!$K$3:$K1000,"Có",'📚 Bộ câu hỏi'!$B$3:$B1000,"Chuyên môn",'📚 Bộ câu hỏi'!$C$3:$C1000,"Nhân sự - Hành chính - Pháp chế",'📚 Bộ câu hỏi'!$G$3:$G1000,"<>")),0)),2) -> 4.4 | D6: {=IFERROR(INDEX(NR_NG_BAC,MATCH($C6/5,NR_NG_TL,1)),"")} -> 5
B7: Nhân sự - Hành chính - Pháp chế, quản lý | C7: =ROUND(5*(TS_TS_VH2*IFERROR((COUNTIFS('📚 Bộ câu hỏi'!$K$3:$K1000,"Có",'📚 Bộ câu hỏi'!$B$3:$B1000,"Chung",'📚 Bộ câu hỏi'!$G$3:$G1000,"<>",'📚 Bộ câu hỏi'!$F$3:$F1000,"vi phạm")-COUNTIFS('📚 Bộ câu hỏi'!$K$3:$K1000,"Có",'📚 Bộ câu hỏi'!$B$3:$B1000,"Chung",'📚 Bộ câu hỏi'!$G$3:$G1000,"<>",'📚 Bộ câu hỏi'!$F$3:$F1000,"vi phạm",'📚 Bộ câu hỏi'!$D$3:$D1000,"VH9")-COUNTIFS('📚 Bộ câu hỏi'!$K$3:$K1000,"Có",'📚 Bộ câu hỏi'!$B$3:$B1000,"Chung",'📚 Bộ câu hỏi'!$G$3:$G1000,"<>",'📚 Bộ câu hỏi'!$F$3:$F1000,"vi phạm",'📚 Bộ câu hỏi'!$D$3:$D1000,"VH10")-COUNTIFS('📚 Bộ câu hỏi'!$K$3:$K1000,"Có",'📚 Bộ câu hỏi'!$B$3:$B1000,"Chung",'📚 Bộ câu hỏi'!$G$3:$G1000,"<>",'📚 Bộ câu hỏi'!$F$3:$F1000,"vi phạm",'📚 Bộ câu hỏi'!$D$3:$D1000,"VH11")-COUNTIFS('📚 Bộ câu hỏi'!$K$3:$K1000,"Có",'📚 Bộ câu hỏi'!$B$3:$B1000,"Chung",'📚 Bộ câu hỏi'!$G$3:$G1000,"<>",'📚 Bộ câu hỏi'!$F$3:$F1000,"vi phạm",'📚 Bộ câu hỏi'!$D$3:$D1000,"VH12")-COUNTIFS('📚 Bộ câu hỏi'!$K$3:$K1000,"Có",'📚 Bộ câu hỏi'!$B$3:$B1000,"Chung",'📚 Bộ câu hỏi'!$G$3:$G1000,"<>",'📚 Bộ câu hỏi'!$F$3:$F1000,"vi phạm",'📚 Bộ câu hỏi'!$D$3:$D1000,"VH13"))/(COUNTIFS('📚 Bộ câu hỏi'!$K$3:$K1000,"Có",'📚 Bộ câu hỏi'!$B$3:$B1000,"Chung",'📚 Bộ câu hỏi'!$G$3:$G1000,"<>")-COUNTIFS('📚 Bộ câu hỏi'!$K$3:$K1000,"Có",'📚 Bộ câu hỏi'!$B$3:$B1000,"Chung",'📚 Bộ câu hỏi'!$G$3:$G1000,"<>",'📚 Bộ câu hỏi'!$D$3:$D1000,"VH9")-COUNTIFS('📚 Bộ câu hỏi'!$K$3:$K1000,"Có",'📚 Bộ câu hỏi'!$B$3:$B1000,"Chung",'📚 Bộ câu hỏi'!$G$3:$G1000,"<>",'📚 Bộ câu hỏi'!$D$3:$D1000,"VH10")-COUNTIFS('📚 Bộ câu hỏi'!$K$3:$K1000,"Có",'📚 Bộ câu hỏi'!$B$3:$B1000,"Chung",'📚 Bộ câu hỏi'!$G$3:$G1000,"<>",'📚 Bộ câu hỏi'!$D$3:$D1000,"VH11")-COUNTIFS('📚 Bộ câu hỏi'!$K$3:$K1000,"Có",'📚 Bộ câu hỏi'!$B$3:$B1000,"Chung",'📚 Bộ câu hỏi'!$G$3:$G1000,"<>",'📚 Bộ câu hỏi'!$D$3:$D1000,"VH12")-COUNTIFS('📚 Bộ câu hỏi'!$K$3:$K1000,"Có",'📚 Bộ câu hỏi'!$B$3:$B1000,"Chung",'📚 Bộ câu hỏi'!$G$3:$G1000,"<>",'📚 Bộ câu hỏi'!$D$3:$D1000,"VH13")),0)+TS_TS_QL2*IFERROR((COUNTIFS('📚 Bộ câu hỏi'!$K$3:$K1000,"Có",'📚 Bộ câu hỏi'!$B$3:$B1000,"Quản lý",'📚 Bộ câu hỏi'!$C$3:$C1000,"Nhân sự - Hành chính - Pháp chế",'📚 Bộ câu hỏi'!$G$3:$G1000,"<>",'📚 Bộ câu hỏi'!$F$3:$F1000,"vi phạm"))/(COUNTIFS('📚 Bộ câu hỏi'!$K$3:$K1000,"Có",'📚 Bộ câu hỏi'!$B$3:$B1000,"Quản lý",'📚 Bộ câu hỏi'!$C$3:$C1000,"Nhân sự - Hành chính - Pháp chế",'📚 Bộ câu hỏi'!$G$3:$G1000,"<>")),0)+TS_TS_CM2*IFERROR((COUNTIFS('📚 Bộ câu hỏi'!$K$3:$K1000,"Có",'📚 Bộ câu hỏi'!$B$3:$B1000,"Chuyên môn",'📚 Bộ câu hỏi'!$C$3:$C1000,"Nhân sự - Hành chính - Pháp chế",'📚 Bộ câu hỏi'!$G$3:$G1000,"<>",'📚 Bộ câu hỏi'!$F$3:$F1000,"vi phạm"))/(COUNTIFS('📚 Bộ câu hỏi'!$K$3:$K1000,"Có",'📚 Bộ câu hỏi'!$B$3:$B1000,"Chuyên môn",'📚 Bộ câu hỏi'!$C$3:$C1000,"Nhân sự - Hành chính - Pháp chế",'📚 Bộ câu hỏi'!$G$3:$G1000,"<>")),0)),2) -> 4.54 | D7: {=IFERROR(INDEX(NR_NG_BAC,MATCH($C7/5,NR_NG_TL,1)),"")} -> 5
B8: CHỮ BẬC CHỈ CÒN MỘT NGHĨA: bậc cách làm việc 1 tới 5, thứ tra ra hệ số lương P2 của tháng. Cái từng gọi là "bậc trong ngạch" nay ghi thẳng bằng TÊN CẤP ở cột Phạm vi áp dụng, dạng "Từ Trưởng phòng trở lên", nghĩa là cấp THẤP NHẤT mà câu bắt đầu áp dụng. Các cấp xếp từ thấp lên cao: Tập sự · Nhân viên · Trưởng ca · Lead bộ phận và Chuyên viên ngang nhau · Quản lý khối và Chuyên gia ngang nhau · Trưởng phòng.
B9: Khối trên tính theo tỷ lệ câu của từng phần, đã trừ nhóm mà tuyến không chấm, nhưng chưa trừ phần lọc theo từng người là điểm bán, nhóm ngôn ngữ và ngưỡng cấp, nên lệch vài phần trăm so với con số thật trên phiếu. Ô đỏ nghĩa là hình dạng phiếu đó bắt đầu tháng dưới bậc 4, tức dưới mức Công ty dự định trả.

Sheet 📇 Danh mục tuyến
A1: 📇 DANH MỤC TUYẾN - Thêm tuyến mới: mở Apps Script, thêm một khối vào hằng TUYEN trong 03_DuLieuTuyen, rồi chạy 🔄 Cập nhật phiên bản.
A2: Tuyến | B2: Trạng thái | C2: Ngạch áp dụng | D2: Phạm vi | E2: Kiểu tiêu chí chuyên môn | F2: Các cấp của lưới | G2: Điểm bán | H2: Sheet ma trận
A3: Thương mại & Dịch vụ | B3: ✅ đủ nội dung | C3: chuyên môn + quản lý | D3: Các vị trí tạo ra doanh thu do NGƯỜI TIÊU DÙNG CUỐI chi trả: bán tại Quán, bán trên các sàn thương mại điện tử với tư cách gian hàng chính thức của Công ty, và bán lẻ qua các kênh khác. | E3: 7 tiêu chí độc lập | F3: CM Nhân viên tới Chuyên gia · QL Trưởng ca tới Trưởng phòng | G3: Có | H3: 📐 Thương mại & Dịch vụ
A4: Phát triển Kinh doanh | B4: ⬜ khung rỗng | C4: chuyên môn + quản lý | D4: Các vị trí tự tạo ra nguồn khách hàng, không phụ thuộc lượng khách tự tìm tới Quán hay tới gian hàng trên sàn. | E4: chưa soạn | F4: CM Nhân viên tới Chuyên gia · QL Trưởng ca tới Trưởng phòng | G4: Không | H4: 📐 Phát triển Kinh doanh
A5: Pha chế | B5: ⬜ khung rỗng | C5: chuyên môn + quản lý | D5: Các vị trí pha chế đồ uống tại Quán theo bộ công thức và bộ quy trình pha chế của Công ty. | E5: chưa soạn | F5: CM Nhân viên tới Chuyên gia · QL Trưởng ca tới Trưởng phòng | G5: Có | H5: 📐 Pha chế
A6: Bếp bánh | B6: ⬜ khung rỗng | C6: chuyên môn + quản lý | D6: Các vị trí làm bánh phục vụ tại Quán. | E6: chưa soạn | F6: CM Nhân viên tới Chuyên gia · QL Trưởng ca tới Trưởng phòng | G6: Có | H6: 📐 Bếp bánh
A7: Sản xuất | B7: ⬜ khung rỗng | C7: chuyên môn + quản lý | D7: Các vị trí làm ra sản phẩm của Công ty: tinh dầu, xà phòng, nến thơm, xịt thơm phòng, nước hoa và tinh dầu bi lăn. | E7: chưa soạn | F7: CM Nhân viên tới Chuyên gia · QL Trưởng ca tới Trưởng phòng | G7: Không | H7: 📐 Sản xuất
A8: Kho và Đóng gói | B8: ⬜ khung rỗng | C8: chuyên môn + quản lý | D8: Các vị trí nhận hàng, lưu kho, soạn đơn, đóng gói và giao vận. | E8: chưa soạn | F8: CM Nhân viên tới Chuyên gia · QL Trưởng ca tới Trưởng phòng | G8: Không | H8: 📐 Kho và Đóng gói
A9: Nhân sự - Hành chính - Pháp chế | B9: ⬜ khung rỗng | C9: chuyên môn + quản lý | D9: Các vị trí lo phần con người, phần hành chính và phần pháp chế: tuyển, xếp bậc, đánh giá, điều chuyển, đào tạo văn hóa và đào tạo kỹ năng chung, cơ sở vật chất, văn bản nội bộ, hồ sơ pháp nhân, hợp đồng và tuân thủ. | E9: chưa soạn | F9: CM Nhân viên tới Chuyên gia · QL Trưởng ca tới Trưởng phòng | G9: Không | H9: 📐 Nhân sự - Hành chính - Pháp chế
A10: E-Commerce | B10: ⬜ khung rỗng | C10: chuyên môn + quản lý | D10: Các vị trí vận hành gian hàng của Công ty trên các sàn thương mại điện tử. | E10: chưa soạn | F10: CM Nhân viên tới Chuyên gia · QL Trưởng ca tới Trưởng phòng | G10: Không | H10: 📐 E-Commerce
B12: Tuyến khung rỗng vẫn xuất phiếu được: phần khung chung, ranh giới chung và cách tính đều chạy đủ; riêng phần lưới phân bậc hiện dòng chờ soạn. Làm vậy để bắt đầu chấm phần cách làm việc ngay, không phải chờ soạn xong lưới của mọi tuyến.

Sheet 🎨 Quy ước trình bày
A1: 🎨 QUY ƯỚC TRÌNH BÀY - Mọi phiếu tạo sau đây làm theo bảng này. Sửa trực tiếp ở đây, hoặc chỉnh trên một phiếu rồi chạy 🎨 Học cách trình bày từ một phiếu.
A2: Mỗi dòng là một quy ước gộp ô: ở mục nào, gộp từ cột nào tới cột nào. Mục ghi bằng số La Mã đúng như trên phiếu. Gộp áp cho cả dòng tiêu đề lẫn các dòng dữ liệu của mục đó.
A3: Mục | B3: Cột đầu | C3: Cột cuối | D3: Ghi chú | E3: Nguồn

Sheet 🧬 Khung chung
A1: 🧬 KHUNG CHUNG TOÀN CÔNG TY - Áp cho MỌI vị trí ở MỌI tuyến. Phần này cho ra BẬC CÁCH LÀM VIỆC, là kết quả thứ hai của phiếu.
A2: A. RANH GIỚI KHÔNG THỎA HIỆP, PHẦN CHUNG. Không tính điểm, không phân bậc. Có vi phạm thì chặn mọi kết quả
A3: Chung toàn Công ty
A4: 1 | B4: Tài chính và uy tín doanh nghiệp
A5: 2 | B5: Văn hóa và sứ mệnh của Thời Thanh Xuân
A6: 3 | B6: Tôn trọng danh dự và nhân phẩm nhân sự
A7: 4 | B7: Cố tình lừa dối, với bất kỳ ai: cấp trên, đồng nghiệp, khách hàng, đối tác, cơ quan quản lý. Báo sai sự thật về kết quả hoặc tiến độ công việc, giấu sự việc đã xảy ra, làm sai lệch số liệu hoặc chứng từ, hoặc biết người khác đang hiểu sai mà không đính chính. Ranh của ranh giới này là chữ CỐ TÌNH: nhầm lẫn, quên, hoặc truyền đạt thông tin chưa xác minh thì thuộc nhóm VH2 và VH5 ở mục II, không phải ranh giới.
B8: Mỗi tuyến có thể có thêm nhóm ranh giới riêng, xem sheet ma trận của tuyến đó. Nhóm đặt tên theo chủ đề để sau này phát sinh nội dung cùng chủ đề thì chỉ cần thêm dòng vào đúng nhóm mà không phải sửa cấu trúc.
A10: B. BẢO MẬT THU NHẬP CÁ NHÂN. Không chặn kết quả như ranh giới, mà TRỪ THẲNG 1 bậc của Bậc cách làm việc trong kỳ, sàn là bậc 1
A11: 1 | B11: Nhân sự giữ kín mọi thông tin liên quan tới thu nhập của bản thân tại Công ty, gồm lương, thưởng, phụ cấp, hệ số, bậc cách làm việc và mọi khoản khác. Không trao đổi những thông tin này với người không có thẩm quyền, cả trong nội bộ lẫn ra bên ngoài. | D11: Có vi phạm trong kỳ thì Bậc cách làm việc của kỳ trừ thẳng 1 bậc, sàn là bậc 1.
B13: Bậc cách làm việc là bậc tra hệ số ở sheet Đơn giá P2 của bảng lương People Management, nên phép trừ này chạm phần tiền P2 của tháng. CẤP của người đó không bị đụng tới, vì cấp đi qua quyết định bổ nhiệm riêng.
A15: C. VĂN HÓA CHUNG. Mỗi câu chấm theo thang 1 tới 5. Một phần chấm duy nhất, không chia nhỏ và không có trọng số giữa các nhóm. VH1 tới VH8 và TC1, TC3, TC4 áp dụng cho mọi nhân sự; VH9 tới VH13 chỉ áp dụng cho vị trí có đầu việc tại điểm bán
A16: Mã | B16: Câu hỏi | C16: Phạm vi áp dụng
A17: VH1 | B17: ONE VOICE, MỘT TIẾNG NÓI THỐNG NHẤT · chấm theo mức độ vi phạm
A18: VH1.1 | B18: Nhân sự có phát ngôn cá nhân trái định hướng chung của Công ty | C18: Tất cả nhân sự
A19: VH1.2 | B19: Nhân sự truyền đạt thông tin chưa được xác nhận | C19: Tất cả nhân sự
A20: VH1.3 | B20: Nhân sự dùng sai hoặc bỏ qua kịch bản và quy chuẩn giao tiếp đã ban hành, cả với khách và trong nội bộ | C20: Tất cả nhân sự
A21: VH1.4 | B21: Nhân sự tự ý trả lời khách hoặc đồng nghiệp thông tin chưa chắc chắn thay vì xác nhận lại với người có thẩm quyền | C21: Tất cả nhân sự
A22: VH1.5 | B22: Nhân sự truyền đạt chính sách hoặc quyết định sai lệch, thiếu sót nội dung so với văn bản gốc đã ban hành | C22: Tất cả nhân sự
A23: VH2 | B23: OUTCOME, KẾT QUẢ CẦN ĐẠT THEO TIÊU CHÍ SMART · chấm theo mức độ vi phạm
A24: VH2.1 | B24: Nhân sự nhận việc mà không nêu được kết quả cần đạt, chỉ mô tả các hoạt động sẽ làm | C24: Tất cả nhân sự
A25: VH2.2 | B25: Kết quả cần đạt do nhân sự nêu không đo được bằng số hoặc bằng dữ kiện kiểm chứng được | C25: Tất cả nhân sự
A26: VH2.3 | B26: Kết quả cần đạt do nhân sự nêu không khả thi với nguồn lực và thời gian đang có | C26: Tất cả nhân sự
A27: VH2.4 | B27: Kết quả cần đạt do nhân sự nêu không phục vụ đúng mục tiêu của bộ phận | C27: Tất cả nhân sự
A28: VH2.5 | B28: Kết quả cần đạt do nhân sự nêu không có thời hạn rõ ràng | C28: Tất cả nhân sự
A29: VH2.6 | B29: Nhân sự không chủ động báo cáo nghiệm thu kết quả công việc bằng số liệu hoặc dữ kiện thực tế khi đến hạn | C29: Tất cả nhân sự
A30: VH2.7 | B30: Kết quả cần đạt nhân sự giao cho nhóm bị hiểu theo nhiều cách, tới lúc nghiệm thu mới phát sinh tranh cãi | C30: Nhân sự giữ vai trò quản lý
A31: VH3 | B31: PURPOSE, MỤC ĐÍCH VÀ VÌ SAO LÀM · chấm theo mức độ vi phạm
A32: VH3.1 | B32: Nhân sự không nhắc lại được vì sao việc mình nhận cần làm | C32: Tất cả nhân sự
A33: VH3.2 | B33: Nhân sự thực hiện công việc sai lệch so với mục tiêu chung của bộ phận hoặc kế hoạch ca đã giao | C33: Tất cả nhân sự
A34: VH3.3 | B34: Cách làm hiện tại không còn phục vụ đúng mục đích mà nhân sự không nêu lại với người phụ trách | C34: Tất cả nhân sự
A35: VH3.4 | B35: Nhân sự giao việc cho người khác mà chỉ nêu đầu việc, không nêu mục đích | C35: Nhân sự giữ vai trò quản lý
A36: VH3.5 | B36: Nhân sự tự ý thay đổi cách làm hoặc cắt giảm công đoạn, gây ảnh hưởng xấu đến trải nghiệm của khách hoặc chất lượng chung | C36: Tất cả nhân sự
A37: VH3.6 | B37: Nhân sự truyền đạt một chủ trương chung mà không diễn giải thành lý do cụ thể cho bộ phận mình phụ trách | C37: Nhân sự giữ vai trò quản lý
A38: VH4 | B38: ACTION PLAN, KẾ HOẠCH HÀNH ĐỘNG · chấm theo mức độ vi phạm
A39: VH4.1 | B39: Nhân sự bắt tay vào việc mà chưa nêu được các bước sẽ làm | C39: Tất cả nhân sự
A40: VH4.2 | B40: Kế hoạch của nhân sự là một danh sách rời, không có thời gian và thứ tự | C40: Tất cả nhân sự
A41: VH4.3 | B41: Nhân sự báo cáo bằng cách kể lại việc đã làm, không báo theo kế hoạch đã nêu | C41: Tất cả nhân sự
A42: VH4.4 | B42: Kế hoạch của nhân sự bỏ qua các rủi ro đã được cảnh báo trước, hoặc không có phương án xử lý khi phát sinh sự cố đã lường trước | C42: Tất cả nhân sự
A43: VH4.5 | B43: Kế hoạch nhân sự giao cho người khác thiếu thời gian, người phụ trách, nguồn lực hoặc mốc đánh giá | C43: Nhân sự giữ vai trò quản lý
A44: VH5 | B44: TIME MANAGEMENT, QUẢN LÝ THỜI GIAN · chấm theo mức độ vi phạm
A45: VH5.1 | B45: Nhân sự tập trung làm các công việc không quan trọng, bỏ quên công việc quan trọng hoặc khẩn cấp được giao trong ca | C45: Tất cả nhân sự
A46: VH5.2 | B46: Khi có nhiều việc cùng lúc, nhân sự không làm việc quan trọng và khẩn cấp trước | C46: Tất cả nhân sự
A47: VH5.3 | B47: Nhân sự hoàn thành công việc trễ hạn | C47: Tất cả nhân sự
A48: VH5.4 | B48: Nhân sự không dành được thời gian cho việc quan trọng nhưng chưa khẩn cấp | C48: Tất cả nhân sự
A49: VH5.5 | B49: Nhân sự để việc quan trọng chưa khẩn cấp trở thành việc khẩn cấp | C49: Tất cả nhân sự
A50: VH5.6 | B50: Cách sắp xếp công việc của nhân sự làm người khác phải xử lý gấp. Không tính việc gấp phát sinh từ nguyên nhân khách quan hoặc thuộc trách nhiệm chung của bộ phận | C50: Tất cả nhân sự
A51: VH6 | B51: PROACTIVE, TƯ DUY CHỦ ĐỘNG · chấm theo mức độ vi phạm
A52: VH6.1 | B52: Nhân sự chờ có người nhắc mới bắt đầu việc thuộc phạm vi của mình | C52: Tất cả nhân sự
A53: VH6.2 | B53: Nhân sự làm việc đối phó: làm cho xong để báo cáo, chỉ làm khi có người kiểm, hoặc làm đúng chữ được giao mà sai mục đích của việc | C53: Tất cả nhân sự
A54: VH6.3 | B54: Nhân sự phát hiện sự cố hoặc vấn đề phát sinh tại điểm bán, tại xưởng nhưng không báo cho người phụ trách và không hỗ trợ xử lý theo quy trình | C54: Tất cả nhân sự
A55: VH6.4 | B55: Nhân sự dừng ở chỗ đã báo cáo hoặc đã chuyển cho người khác, không theo tiếp tới khi việc có kết quả | C55: Tất cả nhân sự
A56: VH6.5 | B56: Nhân sự lặp lại cùng một sai sót, sự cố đã xảy ra trước đó mà không chủ động đề xuất phương án khắc phục với quản lý | C56: Tất cả nhân sự
A57: VH7 | B57: SOLUTION FOCUS, ĐỊNH HƯỚNG GIẢI PHÁP · chấm theo mức độ vi phạm
A58: VH7.1 | B58: Nhân sự báo vấn đề chậm, hoặc báo không đúng người | C58: Tất cả nhân sự
A59: VH7.2 | B59: Khi nêu vấn đề, nhân sự kể lể tình tiết và cảm xúc thay vì mô tả đúng sự việc | C59: Tất cả nhân sự
A60: VH7.3 | B60: Nhân sự nêu vấn đề mà không kèm hướng xử lý nào | C60: Tất cả nhân sự
A61: VH7.4 | B61: Nhân sự nhiều lần nói lại một vấn đề đã được cấp trên ghi nhận và đã báo thời hạn thực thi giải pháp | C61: Tất cả nhân sự
A62: VH7.5 | B62: Một vấn đề lặp lại nhiều lần mà nhân sự chỉ xử lý phần ngọn, không truy nguyên nhân gốc | C62: Tất cả nhân sự
A63: VH8 | B63: SỨ MỆNH · chấm theo mức độ vi phạm
A64: VH8.1 | B64: Khách hỏi về dự án mà nhân sự trả lời sai thông tin, trả lời dài dòng, hoặc kể hoàn cảnh cá nhân của người khác | C64: Vị trí có đầu việc tại điểm bán
A65: VH8.2 | B65: Nhân sự chủ động thuyết giảng về sứ mệnh khi khách không hỏi | C65: Vị trí có đầu việc tại điểm bán
A66: VH8.3 | B66: Nhân sự có hành vi, lời nói hoặc hình ảnh làm khách, đối tác hiểu sai rằng Công ty đang dùng người điếc/ khiếm thính như một yếu tố xin lòng trắc ẩn để bán hàng | C66: Tất cả nhân sự
A67: VH8.4 | B67: Nhân sự có hành vi hoặc lời nói phân biệt đối xử, làm hộ, tước đi quyền tự quyết và trách nhiệm công việc của đồng nghiệp người điếc/ khiếm thính | C67: Tất cả nhân sự
A68: VH8.5 | B68: Nhân sự lấy yếu tố mô hình xã hội hoặc người điếc/ khiếm thính ra làm lý do biện hộ khi sản phẩm, dịch vụ bị khách phản ánh về chất lượng | C68: Tất cả nhân sự
A69: VH8.6 | B69: Người nói và người điếc/ khiếm thính đang không hiểu nhau ngay trước mặt mà nhân sự không làm cầu nối | C69: Tất cả nhân sự
A70: VH8.7 | B70: Nhân sự truyền đạt sai giá trị hoặc sứ mệnh của Công ty cho đồng nghiệp | C70: Tất cả nhân sự
A71: TC1 | B71: GIAO TIẾP VÀ PHỐI HỢP · chấm theo mức độ vi phạm
A72: TC1.1 | B72: Nhân sự trao đổi không rõ trong phạm vi việc của mình, người khác phải hỏi lại mới hiểu | C72: Tất cả nhân sự
A73: TC1.2 | B73: Nhân sự không thông tin cho người liên quan, cho tới khi họ phải hỏi | C73: Tất cả nhân sự
A74: TC1.3 | B74: Bất đồng trong bộ phận thuộc thẩm quyền của nhân sự mà nhân sự không xử lý bằng trao đổi trực tiếp | C74: Tất cả nhân sự
A75: TC1.4 | B75: Nhân sự làm việc với bộ phận khác không trôi chảy khi hai bên có ưu tiên khác nhau | C75: Tất cả nhân sự
A76: TC3 | B76: CÔNG NGHỆ VÀ CÔNG CỤ, PHẦN CHUẨN · chấm theo mức độ vi phạm
A77: TC3.1 | B77: Nhân sự phải có người nhắc mới dùng bộ công cụ số bắt buộc của vị trí mình | C77: Tất cả nhân sự
A78: TC3.2 | B78: Nhân sự nhập dữ liệu sai chuẩn, phải sửa lại sau | C78: Tất cả nhân sự
A79: TC3.3 | B79: Nhân sự không thực hiện đúng các thao tác xử lý sự cố công cụ hoặc phần mềm cơ bản đã được hướng dẫn trong tài liệu chuẩn | C79: Tất cả nhân sự
A80: TC3.4 | B80: Nhân sự dùng kết quả do AI sinh ra mà không rà lại | C80: Tất cả nhân sự
A81: TC3.5 | B81: Nhân sự không cập nhật trạng thái công việc, báo cáo lên phần mềm và công cụ chung đúng thời gian quy định | C81: Tất cả nhân sự
A82: TC3.6 | B82: Nhân sự dùng sai công cụ cho loại việc đang làm, và không nêu được căn cứ chọn | C82: Tất cả nhân sự
A83: TC3.7 | B83: Sản phẩm nhân sự giao phải làm lại vì chưa đúng chuẩn ngay lần đầu | C83: Tất cả nhân sự
A84: TC3.8 | B84: Người khác phải hỏi thêm mới dùng lại được sản phẩm nhân sự giao | C84: Tất cả nhân sự
A85: TC6 | B85: THẤU CẢM & HÒA HỢP TRONG ĐỘI NHÓM · chấm theo mức độ vi phạm
A86: TC6.1 | B86: Nhân sự trao đổi về sai sót của một đồng nghiệp trước mặt người khác, trong khi việc đó trao đổi riêng được | C86: Tất cả nhân sự
A87: TC6.2 | B87: Đồng nghiệp nêu ý kiến khác, nhân sự phản ứng về người nêu thay vì trao đổi về nội dung ý kiến | C87: Tất cả nhân sự
A88: TC6.3 | B88: Nhân sự hối thúc hoặc đòi hỏi bộ phận khác xử lý gấp việc của mình mà bỏ qua quy trình và thời gian xử lý chuẩn đã cam kết giữa các bên | C88: Tất cả nhân sự
A89: TC6.4 | B89: Nhân sự thiếu kiên nhẫn hoặc bỏ qua việc dùng các công cụ hỗ trợ giao tiếp là viết giấy, ngôn ngữ ký hiệu, hình ảnh khi trao đổi công việc với đồng nghiệp người điếc/ khiếm thính và người nói | C89: Tất cả nhân sự
A90: NL1 | B90: NGÔN NGỮ VÀ SỨ MỆNH · chấm theo mức độ ghi nhận
A91: NL1.1 | B91: Nhân sự chào hỏi và trao đổi việc đơn giản bằng ngôn ngữ ký hiệu | C91: Tất cả nhân sự
A92: NL1.3 | B92: Nhân sự kèm được đồng nghiệp học ngôn ngữ của nhóm kia | C92: Tất cả nhân sự
A93: NL1.4 | B93: Nhân sự trao đổi công việc hằng ngày bằng ngôn ngữ ký hiệu mà không cần người phiên dịch | C93: Nhân sự người nói
A94: NL1.5 | B94: Nhân sự trao đổi được nội dung chuyên môn của vị trí mình bằng ngôn ngữ ký hiệu | C94: Nhân sự người nói
A95: NL1.6 | B95: Nhân sự hướng dẫn được nhân sự người điếc/ khiếm thính về công việc bằng ngôn ngữ ký hiệu, không qua phiên dịch | C95: Nhân sự người nói
A96: NL1.7 | B96: Nhân sự đọc hiểu được văn bản công việc bằng tiếng Việt: quy trình, thông báo, tin nhắn | C96: Nhân sự người điếc/ khiếm thính
A97: NL1.8 | B97: Nhân sự viết và nhắn tin công việc bằng tiếng Việt, người nhận hiểu đúng và không phải hỏi lại | C97: Nhân sự người điếc/ khiếm thính
A98: NL1.9 | B98: Nhân sự trao đổi được nội dung chuyên môn của vị trí mình bằng tiếng Việt viết | C98: Nhân sự người điếc/ khiếm thính
A99: NL1.10 | B99: Nhân sự hướng dẫn được nhân sự người nói về công việc bằng tiếng Việt viết, không qua phiên dịch | C99: Nhân sự người điếc/ khiếm thính
A100: NL3 | B100: CÔNG NGHỆ VÀ CÔNG CỤ, PHẦN NÂNG CAO · chấm theo mức độ ghi nhận
A101: NL3.4 | B101: Nhân sự dùng công cụ hoặc AI để cải tiến việc của mình hoặc của nhóm | C101: Tất cả nhân sự
A102: NL3.5 | B102: Nhân sự đề xuất công cụ cho bộ phận và hướng dẫn lại được người khác sử dụng | C102: Nhân sự giữ vai trò quản lý
A103: NL3.6 | B103: Nhân sự xây được công cụ hoặc hệ thống khi sản phẩm có sẵn không đáp ứng đặc thù của Công ty | C103: Từ bậc 6 (Trưởng phòng) trở lên
...

Sheet 📐 Thương mại & Dịch vụ
A1: 📐 MA TRẬN CẤP BẬC · TUYẾN THƯƠNG MẠI & DỊCH VỤ - Bản đầy đủ, dùng để chấm.
A2: TUYẾN NÀY GỒM AI
B3: Các vị trí tạo ra doanh thu do NGƯỜI TIÊU DÙNG CUỐI chi trả: bán tại Quán, bán trên các sàn thương mại điện tử với tư cách gian hàng chính thức của Công ty, và bán lẻ qua các kênh khác.
B4: Ranh giới với tuyến Phát triển Kinh doanh xác định bằng đúng một câu hỏi: AI TRẢ TIỀN. Người tiêu dùng cuối trả thì thuộc tuyến này; một tổ chức trả thì thuộc tuyến Phát triển Kinh doanh.
A6: CÁCH ĐỌC MA TRẬN NÀY
B7: Câu hỏi | C7: Trả lời
B8: Ma trận này trả lời câu gì | C8: Bản mô tả công việc trả lời vị trí này LÀM GÌ. Ma trận trả lời cùng một đầu việc thì BẬC NÀY KHÁC BẬC KIA Ở CHỖ NÀO.
B9: Phân bậc căn cứ vào cái gì | C9: Căn cứ vào QUYỀN TỰ QUYẾT và PHẠM VI ẢNH HƯỞNG: nội dung nào nhân sự tự quyết mà không cần trình phê duyệt, và cách làm của nhân sự tác động tới bao nhiêu người. KHÔNG căn cứ vào độ khó của công việc, vì độ khó là cảm nhận chủ quan, hai người chấm sẽ ra hai kết quả.
B10: Mỗi ô là gì | C10: Mỗi ô là MỘT câu hỏi có đúng hai câu trả lời: đạt hoặc chưa đạt. Không chấm mỗi ô theo thang điểm. Nhiều lần không làm được, hoặc làm sai, thì ô đó là chưa đạt.
B11: Các ô có cộng lại không | C11: KHÔNG. Mỗi tiêu chí là một loại quyền khác nhau, giỏi ở tiêu chí này không bù được cho việc chưa đủ ở tiêu chí kia. Nên đối chiếu từng tiêu chí, không cộng và không bù trừ.
B12: Cấp của một người xác định thế nào | C12: Tuyến này KHÔNG có thang cộng dồn, nên dùng quy tắc đa số: người đó ở một cấp khi đạt cấp đó ở đa số tiêu chí trong phạm vi, VÀ không tiêu chí nào tụt quá mức cho phép. Hai con số này nằm ở sheet Tham số.
B13: Điều kiện lên cấp là gì | C13: Là chất lượng của ĐỀ XUẤT và QUYẾT ĐỊNH ở cấp hiện tại, đủ để tin rằng bỏ lớp duyệt đi thì vẫn đúng. KHÔNG lấy việc "đã tự quyết việc X" làm điều kiện, vì ở cấp dưới nhân sự chưa bao giờ được phép làm X, viết vậy thì không ai lên cấp được.
B14: Ô ghi "Duy trì" nghĩa là gì | C14: Cấp trên không đòi thêm nội dung mới ở tiêu chí đó, chỉ đòi giữ được mức đã đạt. Ô ghi "Chưa yêu cầu" nghĩa là cấp đó chưa đòi tiêu chí này.
B15: Cấp chưa thiết lập nghĩa là gì | C15: Công ty đã nhìn thấy nhu cầu nhưng chưa tách thành vị trí riêng ở thời điểm này. Đường phát triển KHÔNG bị chặn: khi có nhân sự đạt chuẩn thì thiết lập cấp đó.
B16: Hai ngạch có ngang nhau không | C16: Có. Lead bộ phận ngang Chuyên viên, Quản lý khối ngang Chuyên gia: ngang quyền và ngang tiền. Đi ngang giữa hai ngạch là chuyển nghề, không phải lên hay xuống. Trần ngạch chuyên môn dừng ở Chuyên gia, riêng ngạch quản lý đi tiếp tới Trưởng phòng. ✅ 24/8/2026: ngạch tay nghề đã bỏ, gộp vào ngạch chuyên môn; ngạch chuyên môn nay áp cho MỌI tuyến, gồm cả sản xuất và pha chế.
B17: Ma trận này sinh ra tiền không | C17: Không. Nó sinh ra CẤP. Ban lãnh đạo nhìn hai thang chuyên môn và quản lý để quyết bổ nhiệm chức danh; chức danh nào ứng với số tiền nào do quy chế lương quy định. Cùng một cấp ở hai chức danh khác nhau ra hai mức tiền khác nhau.
B18: Phần nào gắn với hợp đồng lao động | C18: Bản mô tả công việc cùng CỘT CẤP ĐANG GIỮ. Các cột cấp khác là thông tin về lộ trình phát triển, không phải phạm vi công việc được giao.
A21: A. RANH GIỚI KHÔNG THỎA HIỆP, RIÊNG TUYẾN NÀY. Không phân bậc, không tính điểm. Vi phạm thì chặn mọi kết quả
A22: ▸ | B22: Bán hàng
A23: 1 | B23: Không sử dụng sứ mệnh để bán hàng, và không lấy hoàn cảnh của nhân sự người điếc/ khiếm thính làm công cụ thuyết phục khách. Sứ mệnh của Công ty là phá vỡ định kiến rằng doanh nghiệp lợi dụng người khuyết tật
A24: 2 | B24: Không nói quá về khả năng của sản phẩm. Sản phẩm không giải quyết đúng vấn đề của khách thì không đề xuất
A25: 3 | B25: Áp dụng đúng bảng giá và chương trình khuyến mãi đang có hiệu lực trên mọi kênh, không tự điều chỉnh. Ca ngoài khung chuyển sang người có thẩm quyền TRƯỚC khi hứa với khách
B26: Nhóm ranh giới đặt tên theo CHỦ ĐỀ, phát sinh nội dung cùng chủ đề thì thêm một dòng vào đúng nhóm, không phải sửa cấu trúc phiếu. Việc áp dụng đúng giá và chương trình khuyến mãi nằm ở đây chứ không nằm trong lưới, vì nó chỉ có làm được hoặc không, không có nhiều mức. Ngược lại, một nghĩa vụ có nhiều mức làm được thì thuộc lưới chứ không thuộc đây: an toàn sản phẩm đã chuyển sang tiêu chí C6 ngày 11/8/2026 vì lý do đó.
A29: B. BỘ CÂU HỎI CHẤM. Đây là toàn bộ nội dung sẽ hiện trên phiếu của tuyến này. Mỗi câu chấm theo thang 0 tới 5, theo ĐÚNG MỘT logic đo ghi ở dòng tên nhóm
B30: B.1. Phần chung, áp dụng cho mọi tuyến. 16 nhóm, 94 câu
A31: Mã | B31: Câu hỏi | C31: Phạm vi áp dụng
A32: VH1 | B32: ONE VOICE, MỘT TIẾNG NÓI THỐNG NHẤT · chấm theo mức độ vi phạm
A33: VH1.1 | B33: Nhân sự có phát ngôn cá nhân trái định hướng chung của Công ty | C33: Tất cả nhân sự
A34: VH1.2 | B34: Nhân sự truyền đạt thông tin chưa được xác nhận | C34: Tất cả nhân sự
A35: VH1.3 | B35: Nhân sự dùng sai hoặc bỏ qua kịch bản và quy chuẩn giao tiếp đã ban hành, cả với khách và trong nội bộ | C35: Tất cả nhân sự
A36: VH1.4 | B36: Nhân sự tự ý trả lời khách hoặc đồng nghiệp thông tin chưa chắc chắn thay vì xác nhận lại với người có thẩm quyền | C36: Tất cả nhân sự
A37: VH1.5 | B37: Nhân sự truyền đạt chính sách hoặc quyết định sai lệch, thiếu sót nội dung so với văn bản gốc đã ban hành | C37: Tất cả nhân sự
A38: VH2 | B38: OUTCOME, KẾT QUẢ CẦN ĐẠT THEO TIÊU CHÍ SMART · chấm theo mức độ vi phạm
A39: VH2.1 | B39: Nhân sự nhận việc mà không nêu được kết quả cần đạt, chỉ mô tả các hoạt động sẽ làm | C39: Tất cả nhân sự
A40: VH2.2 | B40: Kết quả cần đạt do nhân sự nêu không đo được bằng số hoặc bằng dữ kiện kiểm chứng được | C40: Tất cả nhân sự
A41: VH2.3 | B41: Kết quả cần đạt do nhân sự nêu không khả thi với nguồn lực và thời gian đang có | C41: Tất cả nhân sự
A42: VH2.4 | B42: Kết quả cần đạt do nhân sự nêu không phục vụ đúng mục tiêu của bộ phận | C42: Tất cả nhân sự
A43: VH2.5 | B43: Kết quả cần đạt do nhân sự nêu không có thời hạn rõ ràng | C43: Tất cả nhân sự
A44: VH2.6 | B44: Nhân sự không chủ động báo cáo nghiệm thu kết quả công việc bằng số liệu hoặc dữ kiện thực tế khi đến hạn | C44: Tất cả nhân sự
A45: VH2.7 | B45: Kết quả cần đạt nhân sự giao cho nhóm bị hiểu theo nhiều cách, tới lúc nghiệm thu mới phát sinh tranh cãi | C45: Nhân sự giữ vai trò quản lý
A46: VH3 | B46: PURPOSE, MỤC ĐÍCH VÀ VÌ SAO LÀM · chấm theo mức độ vi phạm
A47: VH3.1 | B47: Nhân sự không nhắc lại được vì sao việc mình nhận cần làm | C47: Tất cả nhân sự
A48: VH3.2 | B48: Nhân sự thực hiện công việc sai lệch so với mục tiêu chung của bộ phận hoặc kế hoạch ca đã giao | C48: Tất cả nhân sự
A49: VH3.3 | B49: Cách làm hiện tại không còn phục vụ đúng mục đích mà nhân sự không nêu lại với người phụ trách | C49: Tất cả nhân sự
A50: VH3.4 | B50: Nhân sự giao việc cho người khác mà chỉ nêu đầu việc, không nêu mục đích | C50: Nhân sự giữ vai trò quản lý
A51: VH3.5 | B51: Nhân sự tự ý thay đổi cách làm hoặc cắt giảm công đoạn, gây ảnh hưởng xấu đến trải nghiệm của khách hoặc chất lượng chung | C51: Tất cả nhân sự
A52: VH3.6 | B52: Nhân sự truyền đạt một chủ trương chung mà không diễn giải thành lý do cụ thể cho bộ phận mình phụ trách | C52: Nhân sự giữ vai trò quản lý
A53: VH4 | B53: ACTION PLAN, KẾ HOẠCH HÀNH ĐỘNG · chấm theo mức độ vi phạm
A54: VH4.1 | B54: Nhân sự bắt tay vào việc mà chưa nêu được các bước sẽ làm | C54: Tất cả nhân sự
A55: VH4.2 | B55: Kế hoạch của nhân sự là một danh sách rời, không có thời gian và thứ tự | C55: Tất cả nhân sự
A56: VH4.3 | B56: Nhân sự báo cáo bằng cách kể lại việc đã làm, không báo theo kế hoạch đã nêu | C56: Tất cả nhân sự
A57: VH4.4 | B57: Kế hoạch của nhân sự bỏ qua các rủi ro đã được cảnh báo trước, hoặc không có phương án xử lý khi phát sinh sự cố đã lường trước | C57: Tất cả nhân sự
A58: VH4.5 | B58: Kế hoạch nhân sự giao cho người khác thiếu thời gian, người phụ trách, nguồn lực hoặc mốc đánh giá | C58: Nhân sự giữ vai trò quản lý
A59: VH5 | B59: TIME MANAGEMENT, QUẢN LÝ THỜI GIAN · chấm theo mức độ vi phạm
A60: VH5.1 | B60: Nhân sự tập trung làm các công việc không quan trọng, bỏ quên công việc quan trọng hoặc khẩn cấp được giao trong ca | C60: Tất cả nhân sự
A61: VH5.2 | B61: Khi có nhiều việc cùng lúc, nhân sự không làm việc quan trọng và khẩn cấp trước | C61: Tất cả nhân sự
A62: VH5.3 | B62: Nhân sự hoàn thành công việc trễ hạn | C62: Tất cả nhân sự
A63: VH5.4 | B63: Nhân sự không dành được thời gian cho việc quan trọng nhưng chưa khẩn cấp | C63: Tất cả nhân sự
A64: VH5.5 | B64: Nhân sự để việc quan trọng chưa khẩn cấp trở thành việc khẩn cấp | C64: Tất cả nhân sự
A65: VH5.6 | B65: Cách sắp xếp công việc của nhân sự làm người khác phải xử lý gấp. Không tính việc gấp phát sinh từ nguyên nhân khách quan hoặc thuộc trách nhiệm chung của bộ phận | C65: Tất cả nhân sự
A66: VH6 | B66: PROACTIVE, TƯ DUY CHỦ ĐỘNG · chấm theo mức độ vi phạm
A67: VH6.1 | B67: Nhân sự chờ có người nhắc mới bắt đầu việc thuộc phạm vi của mình | C67: Tất cả nhân sự
A68: VH6.2 | B68: Nhân sự làm việc đối phó: làm cho xong để báo cáo, chỉ làm khi có người kiểm, hoặc làm đúng chữ được giao mà sai mục đích của việc | C68: Tất cả nhân sự
A69: VH6.3 | B69: Nhân sự phát hiện sự cố hoặc vấn đề phát sinh tại điểm bán, tại xưởng nhưng không báo cho người phụ trách và không hỗ trợ xử lý theo quy trình | C69: Tất cả nhân sự
A70: VH6.4 | B70: Nhân sự dừng ở chỗ đã báo cáo hoặc đã chuyển cho người khác, không theo tiếp tới khi việc có kết quả | C70: Tất cả nhân sự
A71: VH6.5 | B71: Nhân sự lặp lại cùng một sai sót, sự cố đã xảy ra trước đó mà không chủ động đề xuất phương án khắc phục với quản lý | C71: Tất cả nhân sự
A72: VH7 | B72: SOLUTION FOCUS, ĐỊNH HƯỚNG GIẢI PHÁP · chấm theo mức độ vi phạm
A73: VH7.1 | B73: Nhân sự báo vấn đề chậm, hoặc báo không đúng người | C73: Tất cả nhân sự
A74: VH7.2 | B74: Khi nêu vấn đề, nhân sự kể lể tình tiết và cảm xúc thay vì mô tả đúng sự việc | C74: Tất cả nhân sự
A75: VH7.3 | B75: Nhân sự nêu vấn đề mà không kèm hướng xử lý nào | C75: Tất cả nhân sự
A76: VH7.4 | B76: Nhân sự nhiều lần nói lại một vấn đề đã được cấp trên ghi nhận và đã báo thời hạn thực thi giải pháp | C76: Tất cả nhân sự
A77: VH7.5 | B77: Một vấn đề lặp lại nhiều lần mà nhân sự chỉ xử lý phần ngọn, không truy nguyên nhân gốc | C77: Tất cả nhân sự
A78: VH8 | B78: SỨ MỆNH · chấm theo mức độ vi phạm
A79: VH8.1 | B79: Khách hỏi về dự án mà nhân sự trả lời sai thông tin, trả lời dài dòng, hoặc kể hoàn cảnh cá nhân của người khác | C79: Vị trí có đầu việc tại điểm bán
A80: VH8.2 | B80: Nhân sự chủ động thuyết giảng về sứ mệnh khi khách không hỏi | C80: Vị trí có đầu việc tại điểm bán
A81: VH8.3 | B81: Nhân sự có hành vi, lời nói hoặc hình ảnh làm khách, đối tác hiểu sai rằng Công ty đang dùng người điếc/ khiếm thính như một yếu tố xin lòng trắc ẩn để bán hàng | C81: Tất cả nhân sự
A82: VH8.4 | B82: Nhân sự có hành vi hoặc lời nói phân biệt đối xử, làm hộ, tước đi quyền tự quyết và trách nhiệm công việc của đồng nghiệp người điếc/ khiếm thính | C82: Tất cả nhân sự
A83: VH8.5 | B83: Nhân sự lấy yếu tố mô hình xã hội hoặc người điếc/ khiếm thính ra làm lý do biện hộ khi sản phẩm, dịch vụ bị khách phản ánh về chất lượng | C83: Tất cả nhân sự
A84: VH8.6 | B84: Người nói và người điếc/ khiếm thính đang không hiểu nhau ngay trước mặt mà nhân sự không làm cầu nối | C84: Tất cả nhân sự
A85: VH8.7 | B85: Nhân sự truyền đạt sai giá trị hoặc sứ mệnh của Công ty cho đồng nghiệp | C85: Tất cả nhân sự
A86: VH9 | B86: MÙI HƯƠNG, GIÁ TRỊ CỐT LÕI · chấm theo mức độ vi phạm
A87: VH9.1 | B87: Nhân sự giao hàng cho khách mà không xịt hương lên tay cầm túi, kể cả túi giấy nhỏ | C87: Vị trí có đầu việc tại điểm bán
A88: VH9.2 | B88: Nhân sự dùng mùi ngoài quy định chung của hệ thống | C88: Vị trí có đầu việc tại điểm bán
A89: VH9.3 | B89: Nhân sự vệ sinh không gian bằng thứ khác thay cho bình xịt sả chanh của Nhà | C89: Vị trí có đầu việc tại điểm bán
A90: VH9.4 | B90: Nhân sự không vận hành bộ khuếch tán tinh dầu sả java trên khu vực và đúng định mức quy định trong ca | C90: Vị trí có đầu việc tại điểm bán
A91: VH9.5 | B91: Mùi trong không gian yếu hoặc lẫn mùi lạ mà nhân sự không xử lý, cho tới khi khách hoặc quản lý nhận ra | C91: Vị trí có đầu việc tại điểm bán
A92: VH10 | B92: ÂM THANH, VĂN HÓA TÔN TRỌNG KHÔNG GIAN · chấm theo mức độ vi phạm
A93: VH10.1 | B93: Trong ca của nhân sự, không gian không có nhạc phát, hoặc nhạc bị tắt giữa ca | C93: Vị trí có đầu việc tại điểm bán
A94: VH10.2 | B94: Nhân sự để âm lượng lệch mức đã quy định | C94: Vị trí có đầu việc tại điểm bán
A95: VH10.3 | B95: Nhân sự tự chỉnh âm lượng theo cảm xúc cá nhân mà không hỏi người phụ trách | C95: Vị trí có đầu việc tại điểm bán
A96: VH10.4 | B96: Khi không gian bị ồn, nhân sự không chủ động dùng biển chỉ dẫn hoặc thẻ gợi ý ngôn ngữ ký hiệu để mời khách điều chỉnh âm lượng | C96: Vị trí có đầu việc tại điểm bán
A97: VH10.5 | B97: Nhân sự nhắc khách về độ ồn sai quy chuẩn giao tiếp, hoặc bằng thái độ thiếu khéo léo gây gắt gỏng | C97: Vị trí có đầu việc tại điểm bán
A98: VH10.6 | B98: Âm lượng hoặc tiếng ồn vượt mức quy định mà nhân sự không xử lý, cho tới khi khách phản ứng hoặc quản lý trực tiếp phải nhắc | C98: Vị trí có đầu việc tại điểm bán
A99: VH11 | B99: CÂY XANH, Ý THỨC GÌN GIỮ GIÁ TRỊ TỰ NHIÊN · chấm theo mức độ vi phạm
A100: VH11.1 | B100: Nhân sự tự ý di chuyển hoặc tác động lên cây | C100: Vị trí có đầu việc tại điểm bán
A101: VH11.2 | B101: Nhân sự không chăm sóc và giữ gìn phần cây trong khu vực mình phụ trách | C101: Vị trí có đầu việc tại điểm bán
A102: VH11.3 | B102: Nhân sự không chủ động nhắc nhở hoặc báo cáo quản lý khi phát hiện cây xanh trong khu vực bị hư hại, bị tác động sai quy định | C102: Vị trí có đầu việc tại điểm bán
A103: VH11.4 | B103: Nhân sự nhắc khách về việc giữ gìn cây xanh bằng thái độ hoặc từ ngữ thiếu chuẩn mực giao tiếp | C103: Vị trí có đầu việc tại điểm bán
A104: VH11.5 | B104: Nhân sự tư vấn hoặc trả lời sai thông tin ý nghĩa logo của Nhà khi khách hỏi | C104: Vị trí có đầu việc tại điểm bán
A105: VH11.6 | B105: Nhân sự thấy cây bị héo, hỏng hoặc đặt sai vị trí mà không báo người phụ trách | C105: Vị trí có đầu việc tại điểm bán
...

Sheet 📐 Phát triển Kinh doanh
A1: 📐 MA TRẬN CẤP BẬC · TUYẾN PHÁT TRIỂN KINH DOANH - KHUNG RỖNG, phần lưới chờ soạn nội dung.
A2: TUYẾN NÀY GỒM AI
B3: Các vị trí tự tạo ra nguồn khách hàng, không phụ thuộc lượng khách tự tìm tới Quán hay tới gian hàng trên sàn.
B4: Ranh giới với tuyến Thương mại & Dịch vụ: giao dịch do MỘT TỔ CHỨC chi trả thuộc tuyến này.
A6: CÁCH ĐỌC MA TRẬN NÀY
B7: Câu hỏi | C7: Trả lời
B8: Ma trận này trả lời câu gì | C8: Bản mô tả công việc trả lời vị trí này LÀM GÌ. Ma trận trả lời cùng một đầu việc thì BẬC NÀY KHÁC BẬC KIA Ở CHỖ NÀO.
B9: Phân bậc căn cứ vào cái gì | C9: Căn cứ vào QUYỀN TỰ QUYẾT và PHẠM VI ẢNH HƯỞNG: nội dung nào nhân sự tự quyết mà không cần trình phê duyệt, và cách làm của nhân sự tác động tới bao nhiêu người. KHÔNG căn cứ vào độ khó của công việc, vì độ khó là cảm nhận chủ quan, hai người chấm sẽ ra hai kết quả.
B10: Mỗi ô là gì | C10: Mỗi ô là MỘT câu hỏi có đúng hai câu trả lời: đạt hoặc chưa đạt. Không chấm mỗi ô theo thang điểm. Nhiều lần không làm được, hoặc làm sai, thì ô đó là chưa đạt.
B11: Các ô có cộng lại không | C11: KHÔNG. Mỗi tiêu chí là một loại quyền khác nhau, giỏi ở tiêu chí này không bù được cho việc chưa đủ ở tiêu chí kia. Nên đối chiếu từng tiêu chí, không cộng và không bù trừ.
B12: Cấp của một người xác định thế nào | C12: Tuyến này KHÔNG có thang cộng dồn, nên dùng quy tắc đa số: người đó ở một cấp khi đạt cấp đó ở đa số tiêu chí trong phạm vi, VÀ không tiêu chí nào tụt quá mức cho phép. Hai con số này nằm ở sheet Tham số.
B13: Điều kiện lên cấp là gì | C13: Là chất lượng của ĐỀ XUẤT và QUYẾT ĐỊNH ở cấp hiện tại, đủ để tin rằng bỏ lớp duyệt đi thì vẫn đúng. KHÔNG lấy việc "đã tự quyết việc X" làm điều kiện, vì ở cấp dưới nhân sự chưa bao giờ được phép làm X, viết vậy thì không ai lên cấp được.
B14: Ô ghi "Duy trì" nghĩa là gì | C14: Cấp trên không đòi thêm nội dung mới ở tiêu chí đó, chỉ đòi giữ được mức đã đạt. Ô ghi "Chưa yêu cầu" nghĩa là cấp đó chưa đòi tiêu chí này.
B15: Cấp chưa thiết lập nghĩa là gì | C15: Công ty đã nhìn thấy nhu cầu nhưng chưa tách thành vị trí riêng ở thời điểm này. Đường phát triển KHÔNG bị chặn: khi có nhân sự đạt chuẩn thì thiết lập cấp đó.
B16: Hai ngạch có ngang nhau không | C16: Có. Lead bộ phận ngang Chuyên viên, Quản lý khối ngang Chuyên gia: ngang quyền và ngang tiền. Đi ngang giữa hai ngạch là chuyển nghề, không phải lên hay xuống. Trần ngạch chuyên môn dừng ở Chuyên gia, riêng ngạch quản lý đi tiếp tới Trưởng phòng. ✅ 24/8/2026: ngạch tay nghề đã bỏ, gộp vào ngạch chuyên môn; ngạch chuyên môn nay áp cho MỌI tuyến, gồm cả sản xuất và pha chế.
B17: Ma trận này sinh ra tiền không | C17: Không. Nó sinh ra CẤP. Ban lãnh đạo nhìn hai thang chuyên môn và quản lý để quyết bổ nhiệm chức danh; chức danh nào ứng với số tiền nào do quy chế lương quy định. Cùng một cấp ở hai chức danh khác nhau ra hai mức tiền khác nhau.
B18: Phần nào gắn với hợp đồng lao động | C18: Bản mô tả công việc cùng CỘT CẤP ĐANG GIỮ. Các cột cấp khác là thông tin về lộ trình phát triển, không phải phạm vi công việc được giao.
A21: A. RANH GIỚI KHÔNG THỎA HIỆP, RIÊNG TUYẾN NÀY. Không phân bậc, không tính điểm. Vi phạm thì chặn mọi kết quả
B22: ⬜ Chưa soạn ranh giới riêng cho tuyến này. Phần ranh giới chung toàn Công ty vẫn áp dụng, xem sheet 🧬 Khung chung.
A26: B. BỘ CÂU HỎI CHẤM. Đây là toàn bộ nội dung sẽ hiện trên phiếu của tuyến này. Mỗi câu chấm theo thang 0 tới 5, theo ĐÚNG MỘT logic đo ghi ở dòng tên nhóm
B27: B.1. Phần chung, áp dụng cho mọi tuyến. 13 nhóm, 76 câu
A28: Mã | B28: Câu hỏi | C28: Phạm vi áp dụng
A29: VH1 | B29: ONE VOICE, MỘT TIẾNG NÓI THỐNG NHẤT · chấm theo mức độ vi phạm
A30: VH1.1 | B30: Nhân sự có phát ngôn cá nhân trái định hướng chung của Công ty | C30: Tất cả nhân sự
A31: VH1.2 | B31: Nhân sự truyền đạt thông tin chưa được xác nhận | C31: Tất cả nhân sự
A32: VH1.3 | B32: Nhân sự dùng sai hoặc bỏ qua kịch bản và quy chuẩn giao tiếp đã ban hành, cả với khách và trong nội bộ | C32: Tất cả nhân sự
A33: VH1.4 | B33: Nhân sự tự ý trả lời khách hoặc đồng nghiệp thông tin chưa chắc chắn thay vì xác nhận lại với người có thẩm quyền | C33: Tất cả nhân sự
A34: VH1.5 | B34: Nhân sự truyền đạt chính sách hoặc quyết định sai lệch, thiếu sót nội dung so với văn bản gốc đã ban hành | C34: Tất cả nhân sự
A35: VH2 | B35: OUTCOME, KẾT QUẢ CẦN ĐẠT THEO TIÊU CHÍ SMART · chấm theo mức độ vi phạm
A36: VH2.1 | B36: Nhân sự nhận việc mà không nêu được kết quả cần đạt, chỉ mô tả các hoạt động sẽ làm | C36: Tất cả nhân sự
A37: VH2.2 | B37: Kết quả cần đạt do nhân sự nêu không đo được bằng số hoặc bằng dữ kiện kiểm chứng được | C37: Tất cả nhân sự
A38: VH2.3 | B38: Kết quả cần đạt do nhân sự nêu không khả thi với nguồn lực và thời gian đang có | C38: Tất cả nhân sự
A39: VH2.4 | B39: Kết quả cần đạt do nhân sự nêu không phục vụ đúng mục tiêu của bộ phận | C39: Tất cả nhân sự
A40: VH2.5 | B40: Kết quả cần đạt do nhân sự nêu không có thời hạn rõ ràng | C40: Tất cả nhân sự
A41: VH2.6 | B41: Nhân sự không chủ động báo cáo nghiệm thu kết quả công việc bằng số liệu hoặc dữ kiện thực tế khi đến hạn | C41: Tất cả nhân sự
A42: VH2.7 | B42: Kết quả cần đạt nhân sự giao cho nhóm bị hiểu theo nhiều cách, tới lúc nghiệm thu mới phát sinh tranh cãi | C42: Nhân sự giữ vai trò quản lý
A43: VH3 | B43: PURPOSE, MỤC ĐÍCH VÀ VÌ SAO LÀM · chấm theo mức độ vi phạm
A44: VH3.1 | B44: Nhân sự không nhắc lại được vì sao việc mình nhận cần làm | C44: Tất cả nhân sự
A45: VH3.2 | B45: Nhân sự thực hiện công việc sai lệch so với mục tiêu chung của bộ phận hoặc kế hoạch ca đã giao | C45: Tất cả nhân sự
A46: VH3.3 | B46: Cách làm hiện tại không còn phục vụ đúng mục đích mà nhân sự không nêu lại với người phụ trách | C46: Tất cả nhân sự
A47: VH3.4 | B47: Nhân sự giao việc cho người khác mà chỉ nêu đầu việc, không nêu mục đích | C47: Nhân sự giữ vai trò quản lý
A48: VH3.5 | B48: Nhân sự tự ý thay đổi cách làm hoặc cắt giảm công đoạn, gây ảnh hưởng xấu đến trải nghiệm của khách hoặc chất lượng chung | C48: Tất cả nhân sự
A49: VH3.6 | B49: Nhân sự truyền đạt một chủ trương chung mà không diễn giải thành lý do cụ thể cho bộ phận mình phụ trách | C49: Nhân sự giữ vai trò quản lý
A50: VH4 | B50: ACTION PLAN, KẾ HOẠCH HÀNH ĐỘNG · chấm theo mức độ vi phạm
A51: VH4.1 | B51: Nhân sự bắt tay vào việc mà chưa nêu được các bước sẽ làm | C51: Tất cả nhân sự
A52: VH4.2 | B52: Kế hoạch của nhân sự là một danh sách rời, không có thời gian và thứ tự | C52: Tất cả nhân sự
A53: VH4.3 | B53: Nhân sự báo cáo bằng cách kể lại việc đã làm, không báo theo kế hoạch đã nêu | C53: Tất cả nhân sự
A54: VH4.4 | B54: Kế hoạch của nhân sự bỏ qua các rủi ro đã được cảnh báo trước, hoặc không có phương án xử lý khi phát sinh sự cố đã lường trước | C54: Tất cả nhân sự
A55: VH4.5 | B55: Kế hoạch nhân sự giao cho người khác thiếu thời gian, người phụ trách, nguồn lực hoặc mốc đánh giá | C55: Nhân sự giữ vai trò quản lý
A56: VH5 | B56: TIME MANAGEMENT, QUẢN LÝ THỜI GIAN · chấm theo mức độ vi phạm
A57: VH5.1 | B57: Nhân sự tập trung làm các công việc không quan trọng, bỏ quên công việc quan trọng hoặc khẩn cấp được giao trong ca | C57: Tất cả nhân sự
A58: VH5.2 | B58: Khi có nhiều việc cùng lúc, nhân sự không làm việc quan trọng và khẩn cấp trước | C58: Tất cả nhân sự
A59: VH5.3 | B59: Nhân sự hoàn thành công việc trễ hạn | C59: Tất cả nhân sự
A60: VH5.4 | B60: Nhân sự không dành được thời gian cho việc quan trọng nhưng chưa khẩn cấp | C60: Tất cả nhân sự
A61: VH5.5 | B61: Nhân sự để việc quan trọng chưa khẩn cấp trở thành việc khẩn cấp | C61: Tất cả nhân sự
A62: VH5.6 | B62: Cách sắp xếp công việc của nhân sự làm người khác phải xử lý gấp. Không tính việc gấp phát sinh từ nguyên nhân khách quan hoặc thuộc trách nhiệm chung của bộ phận | C62: Tất cả nhân sự
A63: VH6 | B63: PROACTIVE, TƯ DUY CHỦ ĐỘNG · chấm theo mức độ vi phạm
A64: VH6.1 | B64: Nhân sự chờ có người nhắc mới bắt đầu việc thuộc phạm vi của mình | C64: Tất cả nhân sự
A65: VH6.2 | B65: Nhân sự làm việc đối phó: làm cho xong để báo cáo, chỉ làm khi có người kiểm, hoặc làm đúng chữ được giao mà sai mục đích của việc | C65: Tất cả nhân sự
A66: VH6.3 | B66: Nhân sự phát hiện sự cố hoặc vấn đề phát sinh tại điểm bán, tại xưởng nhưng không báo cho người phụ trách và không hỗ trợ xử lý theo quy trình | C66: Tất cả nhân sự
A67: VH6.4 | B67: Nhân sự dừng ở chỗ đã báo cáo hoặc đã chuyển cho người khác, không theo tiếp tới khi việc có kết quả | C67: Tất cả nhân sự
A68: VH6.5 | B68: Nhân sự lặp lại cùng một sai sót, sự cố đã xảy ra trước đó mà không chủ động đề xuất phương án khắc phục với quản lý | C68: Tất cả nhân sự
A69: VH7 | B69: SOLUTION FOCUS, ĐỊNH HƯỚNG GIẢI PHÁP · chấm theo mức độ vi phạm
A70: VH7.1 | B70: Nhân sự báo vấn đề chậm, hoặc báo không đúng người | C70: Tất cả nhân sự
A71: VH7.2 | B71: Khi nêu vấn đề, nhân sự kể lể tình tiết và cảm xúc thay vì mô tả đúng sự việc | C71: Tất cả nhân sự
A72: VH7.3 | B72: Nhân sự nêu vấn đề mà không kèm hướng xử lý nào | C72: Tất cả nhân sự
A73: VH7.4 | B73: Nhân sự nhiều lần nói lại một vấn đề đã được cấp trên ghi nhận và đã báo thời hạn thực thi giải pháp | C73: Tất cả nhân sự
A74: VH7.5 | B74: Một vấn đề lặp lại nhiều lần mà nhân sự chỉ xử lý phần ngọn, không truy nguyên nhân gốc | C74: Tất cả nhân sự
A75: VH8 | B75: SỨ MỆNH · chấm theo mức độ vi phạm
A76: VH8.1 | B76: Khách hỏi về dự án mà nhân sự trả lời sai thông tin, trả lời dài dòng, hoặc kể hoàn cảnh cá nhân của người khác | C76: Vị trí có đầu việc tại điểm bán
A77: VH8.2 | B77: Nhân sự chủ động thuyết giảng về sứ mệnh khi khách không hỏi | C77: Vị trí có đầu việc tại điểm bán
A78: VH8.3 | B78: Nhân sự có hành vi, lời nói hoặc hình ảnh làm khách, đối tác hiểu sai rằng Công ty đang dùng người điếc/ khiếm thính như một yếu tố xin lòng trắc ẩn để bán hàng | C78: Tất cả nhân sự
A79: VH8.4 | B79: Nhân sự có hành vi hoặc lời nói phân biệt đối xử, làm hộ, tước đi quyền tự quyết và trách nhiệm công việc của đồng nghiệp người điếc/ khiếm thính | C79: Tất cả nhân sự
A80: VH8.5 | B80: Nhân sự lấy yếu tố mô hình xã hội hoặc người điếc/ khiếm thính ra làm lý do biện hộ khi sản phẩm, dịch vụ bị khách phản ánh về chất lượng | C80: Tất cả nhân sự
A81: VH8.6 | B81: Người nói và người điếc/ khiếm thính đang không hiểu nhau ngay trước mặt mà nhân sự không làm cầu nối | C81: Tất cả nhân sự
A82: VH8.7 | B82: Nhân sự truyền đạt sai giá trị hoặc sứ mệnh của Công ty cho đồng nghiệp | C82: Tất cả nhân sự
A83: TC1 | B83: GIAO TIẾP VÀ PHỐI HỢP · chấm theo mức độ vi phạm
A84: TC1.1 | B84: Nhân sự trao đổi không rõ trong phạm vi việc của mình, người khác phải hỏi lại mới hiểu | C84: Tất cả nhân sự
A85: TC1.2 | B85: Nhân sự không thông tin cho người liên quan, cho tới khi họ phải hỏi | C85: Tất cả nhân sự
A86: TC1.3 | B86: Bất đồng trong bộ phận thuộc thẩm quyền của nhân sự mà nhân sự không xử lý bằng trao đổi trực tiếp | C86: Tất cả nhân sự
A87: TC1.4 | B87: Nhân sự làm việc với bộ phận khác không trôi chảy khi hai bên có ưu tiên khác nhau | C87: Tất cả nhân sự
A88: TC3 | B88: CÔNG NGHỆ VÀ CÔNG CỤ, PHẦN CHUẨN · chấm theo mức độ vi phạm
A89: TC3.1 | B89: Nhân sự phải có người nhắc mới dùng bộ công cụ số bắt buộc của vị trí mình | C89: Tất cả nhân sự
A90: TC3.2 | B90: Nhân sự nhập dữ liệu sai chuẩn, phải sửa lại sau | C90: Tất cả nhân sự
A91: TC3.3 | B91: Nhân sự không thực hiện đúng các thao tác xử lý sự cố công cụ hoặc phần mềm cơ bản đã được hướng dẫn trong tài liệu chuẩn | C91: Tất cả nhân sự
A92: TC3.4 | B92: Nhân sự dùng kết quả do AI sinh ra mà không rà lại | C92: Tất cả nhân sự
A93: TC3.5 | B93: Nhân sự không cập nhật trạng thái công việc, báo cáo lên phần mềm và công cụ chung đúng thời gian quy định | C93: Tất cả nhân sự
A94: TC3.6 | B94: Nhân sự dùng sai công cụ cho loại việc đang làm, và không nêu được căn cứ chọn | C94: Tất cả nhân sự
A95: TC3.7 | B95: Sản phẩm nhân sự giao phải làm lại vì chưa đúng chuẩn ngay lần đầu | C95: Tất cả nhân sự
A96: TC3.8 | B96: Người khác phải hỏi thêm mới dùng lại được sản phẩm nhân sự giao | C96: Tất cả nhân sự
A97: TC6 | B97: THẤU CẢM & HÒA HỢP TRONG ĐỘI NHÓM · chấm theo mức độ vi phạm
A98: TC6.1 | B98: Nhân sự trao đổi về sai sót của một đồng nghiệp trước mặt người khác, trong khi việc đó trao đổi riêng được | C98: Tất cả nhân sự
A99: TC6.2 | B99: Đồng nghiệp nêu ý kiến khác, nhân sự phản ứng về người nêu thay vì trao đổi về nội dung ý kiến | C99: Tất cả nhân sự
A100: TC6.3 | B100: Nhân sự hối thúc hoặc đòi hỏi bộ phận khác xử lý gấp việc của mình mà bỏ qua quy trình và thời gian xử lý chuẩn đã cam kết giữa các bên | C100: Tất cả nhân sự
A101: TC6.4 | B101: Nhân sự thiếu kiên nhẫn hoặc bỏ qua việc dùng các công cụ hỗ trợ giao tiếp là viết giấy, ngôn ngữ ký hiệu, hình ảnh khi trao đổi công việc với đồng nghiệp người điếc/ khiếm thính và người nói | C101: Tất cả nhân sự
A102: NL1 | B102: NGÔN NGỮ VÀ SỨ MỆNH · chấm theo mức độ ghi nhận
A103: NL1.1 | B103: Nhân sự chào hỏi và trao đổi việc đơn giản bằng ngôn ngữ ký hiệu | C103: Tất cả nhân sự
A104: NL1.3 | B104: Nhân sự kèm được đồng nghiệp học ngôn ngữ của nhóm kia | C104: Tất cả nhân sự
A105: NL1.4 | B105: Nhân sự trao đổi công việc hằng ngày bằng ngôn ngữ ký hiệu mà không cần người phiên dịch | C105: Nhân sự người nói
A106: NL1.5 | B106: Nhân sự trao đổi được nội dung chuyên môn của vị trí mình bằng ngôn ngữ ký hiệu | C106: Nhân sự người nói
...

Sheet 📐 Pha chế
A1: 📐 MA TRẬN CẤP BẬC · TUYẾN PHA CHẾ - KHUNG RỖNG, phần lưới chờ soạn nội dung.
A2: TUYẾN NÀY GỒM AI
B3: Các vị trí pha chế đồ uống tại Quán theo bộ công thức và bộ quy trình pha chế của Công ty.
B4: Sản phẩm của tuyến này là hàng bán ra tại điểm bán, nên chất lượng của nó là một phần kết quả thương mại.
A6: CÁCH ĐỌC MA TRẬN NÀY
B7: Câu hỏi | C7: Trả lời
B8: Ma trận này trả lời câu gì | C8: Bản mô tả công việc trả lời vị trí này LÀM GÌ. Ma trận trả lời cùng một đầu việc thì BẬC NÀY KHÁC BẬC KIA Ở CHỖ NÀO.
B9: Phân bậc căn cứ vào cái gì | C9: Căn cứ vào QUYỀN TỰ QUYẾT và PHẠM VI ẢNH HƯỞNG: nội dung nào nhân sự tự quyết mà không cần trình phê duyệt, và cách làm của nhân sự tác động tới bao nhiêu người. KHÔNG căn cứ vào độ khó của công việc, vì độ khó là cảm nhận chủ quan, hai người chấm sẽ ra hai kết quả.
B10: Mỗi ô là gì | C10: Mỗi ô là MỘT câu hỏi có đúng hai câu trả lời: đạt hoặc chưa đạt. Không chấm mỗi ô theo thang điểm. Nhiều lần không làm được, hoặc làm sai, thì ô đó là chưa đạt.
B11: Các ô có cộng lại không | C11: KHÔNG. Mỗi tiêu chí là một loại quyền khác nhau, giỏi ở tiêu chí này không bù được cho việc chưa đủ ở tiêu chí kia. Nên đối chiếu từng tiêu chí, không cộng và không bù trừ.
B12: Cấp của một người xác định thế nào | C12: Tuyến này KHÔNG có thang cộng dồn, nên dùng quy tắc đa số: người đó ở một cấp khi đạt cấp đó ở đa số tiêu chí trong phạm vi, VÀ không tiêu chí nào tụt quá mức cho phép. Hai con số này nằm ở sheet Tham số.
B13: Điều kiện lên cấp là gì | C13: Là chất lượng của ĐỀ XUẤT và QUYẾT ĐỊNH ở cấp hiện tại, đủ để tin rằng bỏ lớp duyệt đi thì vẫn đúng. KHÔNG lấy việc "đã tự quyết việc X" làm điều kiện, vì ở cấp dưới nhân sự chưa bao giờ được phép làm X, viết vậy thì không ai lên cấp được.
B14: Ô ghi "Duy trì" nghĩa là gì | C14: Cấp trên không đòi thêm nội dung mới ở tiêu chí đó, chỉ đòi giữ được mức đã đạt. Ô ghi "Chưa yêu cầu" nghĩa là cấp đó chưa đòi tiêu chí này.
B15: Cấp chưa thiết lập nghĩa là gì | C15: Công ty đã nhìn thấy nhu cầu nhưng chưa tách thành vị trí riêng ở thời điểm này. Đường phát triển KHÔNG bị chặn: khi có nhân sự đạt chuẩn thì thiết lập cấp đó.
B16: Hai ngạch có ngang nhau không | C16: Có. Lead bộ phận ngang Chuyên viên, Quản lý khối ngang Chuyên gia: ngang quyền và ngang tiền. Đi ngang giữa hai ngạch là chuyển nghề, không phải lên hay xuống. Trần ngạch chuyên môn dừng ở Chuyên gia, riêng ngạch quản lý đi tiếp tới Trưởng phòng. ✅ 24/8/2026: ngạch tay nghề đã bỏ, gộp vào ngạch chuyên môn; ngạch chuyên môn nay áp cho MỌI tuyến, gồm cả sản xuất và pha chế.
B17: Ma trận này sinh ra tiền không | C17: Không. Nó sinh ra CẤP. Ban lãnh đạo nhìn hai thang chuyên môn và quản lý để quyết bổ nhiệm chức danh; chức danh nào ứng với số tiền nào do quy chế lương quy định. Cùng một cấp ở hai chức danh khác nhau ra hai mức tiền khác nhau.
B18: Phần nào gắn với hợp đồng lao động | C18: Bản mô tả công việc cùng CỘT CẤP ĐANG GIỮ. Các cột cấp khác là thông tin về lộ trình phát triển, không phải phạm vi công việc được giao.
A21: A. RANH GIỚI KHÔNG THỎA HIỆP, RIÊNG TUYẾN NÀY. Không phân bậc, không tính điểm. Vi phạm thì chặn mọi kết quả
B22: ⬜ Chưa soạn ranh giới riêng cho tuyến này. Phần ranh giới chung toàn Công ty vẫn áp dụng, xem sheet 🧬 Khung chung.
A26: B. BỘ CÂU HỎI CHẤM. Đây là toàn bộ nội dung sẽ hiện trên phiếu của tuyến này. Mỗi câu chấm theo thang 0 tới 5, theo ĐÚNG MỘT logic đo ghi ở dòng tên nhóm
B27: B.1. Phần chung, áp dụng cho mọi tuyến. 17 nhóm, 98 câu
A28: Mã | B28: Câu hỏi | C28: Phạm vi áp dụng
A29: VH1 | B29: ONE VOICE, MỘT TIẾNG NÓI THỐNG NHẤT · chấm theo mức độ vi phạm
A30: VH1.1 | B30: Nhân sự có phát ngôn cá nhân trái định hướng chung của Công ty | C30: Tất cả nhân sự
A31: VH1.2 | B31: Nhân sự truyền đạt thông tin chưa được xác nhận | C31: Tất cả nhân sự
A32: VH1.3 | B32: Nhân sự dùng sai hoặc bỏ qua kịch bản và quy chuẩn giao tiếp đã ban hành, cả với khách và trong nội bộ | C32: Tất cả nhân sự
A33: VH1.4 | B33: Nhân sự tự ý trả lời khách hoặc đồng nghiệp thông tin chưa chắc chắn thay vì xác nhận lại với người có thẩm quyền | C33: Tất cả nhân sự
A34: VH1.5 | B34: Nhân sự truyền đạt chính sách hoặc quyết định sai lệch, thiếu sót nội dung so với văn bản gốc đã ban hành | C34: Tất cả nhân sự
A35: VH2 | B35: OUTCOME, KẾT QUẢ CẦN ĐẠT THEO TIÊU CHÍ SMART · chấm theo mức độ vi phạm
A36: VH2.1 | B36: Nhân sự nhận việc mà không nêu được kết quả cần đạt, chỉ mô tả các hoạt động sẽ làm | C36: Tất cả nhân sự
A37: VH2.2 | B37: Kết quả cần đạt do nhân sự nêu không đo được bằng số hoặc bằng dữ kiện kiểm chứng được | C37: Tất cả nhân sự
A38: VH2.3 | B38: Kết quả cần đạt do nhân sự nêu không khả thi với nguồn lực và thời gian đang có | C38: Tất cả nhân sự
A39: VH2.4 | B39: Kết quả cần đạt do nhân sự nêu không phục vụ đúng mục tiêu của bộ phận | C39: Tất cả nhân sự
A40: VH2.5 | B40: Kết quả cần đạt do nhân sự nêu không có thời hạn rõ ràng | C40: Tất cả nhân sự
A41: VH2.6 | B41: Nhân sự không chủ động báo cáo nghiệm thu kết quả công việc bằng số liệu hoặc dữ kiện thực tế khi đến hạn | C41: Tất cả nhân sự
A42: VH2.7 | B42: Kết quả cần đạt nhân sự giao cho nhóm bị hiểu theo nhiều cách, tới lúc nghiệm thu mới phát sinh tranh cãi | C42: Nhân sự giữ vai trò quản lý
A43: VH3 | B43: PURPOSE, MỤC ĐÍCH VÀ VÌ SAO LÀM · chấm theo mức độ vi phạm
A44: VH3.1 | B44: Nhân sự không nhắc lại được vì sao việc mình nhận cần làm | C44: Tất cả nhân sự
A45: VH3.2 | B45: Nhân sự thực hiện công việc sai lệch so với mục tiêu chung của bộ phận hoặc kế hoạch ca đã giao | C45: Tất cả nhân sự
A46: VH3.3 | B46: Cách làm hiện tại không còn phục vụ đúng mục đích mà nhân sự không nêu lại với người phụ trách | C46: Tất cả nhân sự
A47: VH3.4 | B47: Nhân sự giao việc cho người khác mà chỉ nêu đầu việc, không nêu mục đích | C47: Nhân sự giữ vai trò quản lý
A48: VH3.5 | B48: Nhân sự tự ý thay đổi cách làm hoặc cắt giảm công đoạn, gây ảnh hưởng xấu đến trải nghiệm của khách hoặc chất lượng chung | C48: Tất cả nhân sự
A49: VH3.6 | B49: Nhân sự truyền đạt một chủ trương chung mà không diễn giải thành lý do cụ thể cho bộ phận mình phụ trách | C49: Nhân sự giữ vai trò quản lý
A50: VH4 | B50: ACTION PLAN, KẾ HOẠCH HÀNH ĐỘNG · chấm theo mức độ vi phạm
A51: VH4.1 | B51: Nhân sự bắt tay vào việc mà chưa nêu được các bước sẽ làm | C51: Tất cả nhân sự
A52: VH4.2 | B52: Kế hoạch của nhân sự là một danh sách rời, không có thời gian và thứ tự | C52: Tất cả nhân sự
A53: VH4.3 | B53: Nhân sự báo cáo bằng cách kể lại việc đã làm, không báo theo kế hoạch đã nêu | C53: Tất cả nhân sự
A54: VH4.4 | B54: Kế hoạch của nhân sự bỏ qua các rủi ro đã được cảnh báo trước, hoặc không có phương án xử lý khi phát sinh sự cố đã lường trước | C54: Tất cả nhân sự
A55: VH4.5 | B55: Kế hoạch nhân sự giao cho người khác thiếu thời gian, người phụ trách, nguồn lực hoặc mốc đánh giá | C55: Nhân sự giữ vai trò quản lý
A56: VH5 | B56: TIME MANAGEMENT, QUẢN LÝ THỜI GIAN · chấm theo mức độ vi phạm
A57: VH5.1 | B57: Nhân sự tập trung làm các công việc không quan trọng, bỏ quên công việc quan trọng hoặc khẩn cấp được giao trong ca | C57: Tất cả nhân sự
A58: VH5.2 | B58: Khi có nhiều việc cùng lúc, nhân sự không làm việc quan trọng và khẩn cấp trước | C58: Tất cả nhân sự
A59: VH5.3 | B59: Nhân sự hoàn thành công việc trễ hạn | C59: Tất cả nhân sự
A60: VH5.4 | B60: Nhân sự không dành được thời gian cho việc quan trọng nhưng chưa khẩn cấp | C60: Tất cả nhân sự
A61: VH5.5 | B61: Nhân sự để việc quan trọng chưa khẩn cấp trở thành việc khẩn cấp | C61: Tất cả nhân sự
A62: VH5.6 | B62: Cách sắp xếp công việc của nhân sự làm người khác phải xử lý gấp. Không tính việc gấp phát sinh từ nguyên nhân khách quan hoặc thuộc trách nhiệm chung của bộ phận | C62: Tất cả nhân sự
A63: VH6 | B63: PROACTIVE, TƯ DUY CHỦ ĐỘNG · chấm theo mức độ vi phạm
A64: VH6.1 | B64: Nhân sự chờ có người nhắc mới bắt đầu việc thuộc phạm vi của mình | C64: Tất cả nhân sự
A65: VH6.2 | B65: Nhân sự làm việc đối phó: làm cho xong để báo cáo, chỉ làm khi có người kiểm, hoặc làm đúng chữ được giao mà sai mục đích của việc | C65: Tất cả nhân sự
A66: VH6.3 | B66: Nhân sự phát hiện sự cố hoặc vấn đề phát sinh tại điểm bán, tại xưởng nhưng không báo cho người phụ trách và không hỗ trợ xử lý theo quy trình | C66: Tất cả nhân sự
A67: VH6.4 | B67: Nhân sự dừng ở chỗ đã báo cáo hoặc đã chuyển cho người khác, không theo tiếp tới khi việc có kết quả | C67: Tất cả nhân sự
A68: VH6.5 | B68: Nhân sự lặp lại cùng một sai sót, sự cố đã xảy ra trước đó mà không chủ động đề xuất phương án khắc phục với quản lý | C68: Tất cả nhân sự
A69: VH7 | B69: SOLUTION FOCUS, ĐỊNH HƯỚNG GIẢI PHÁP · chấm theo mức độ vi phạm
A70: VH7.1 | B70: Nhân sự báo vấn đề chậm, hoặc báo không đúng người | C70: Tất cả nhân sự
A71: VH7.2 | B71: Khi nêu vấn đề, nhân sự kể lể tình tiết và cảm xúc thay vì mô tả đúng sự việc | C71: Tất cả nhân sự
A72: VH7.3 | B72: Nhân sự nêu vấn đề mà không kèm hướng xử lý nào | C72: Tất cả nhân sự
A73: VH7.4 | B73: Nhân sự nhiều lần nói lại một vấn đề đã được cấp trên ghi nhận và đã báo thời hạn thực thi giải pháp | C73: Tất cả nhân sự
A74: VH7.5 | B74: Một vấn đề lặp lại nhiều lần mà nhân sự chỉ xử lý phần ngọn, không truy nguyên nhân gốc | C74: Tất cả nhân sự
A75: VH8 | B75: SỨ MỆNH · chấm theo mức độ vi phạm
A76: VH8.1 | B76: Khách hỏi về dự án mà nhân sự trả lời sai thông tin, trả lời dài dòng, hoặc kể hoàn cảnh cá nhân của người khác | C76: Vị trí có đầu việc tại điểm bán
A77: VH8.2 | B77: Nhân sự chủ động thuyết giảng về sứ mệnh khi khách không hỏi | C77: Vị trí có đầu việc tại điểm bán
A78: VH8.3 | B78: Nhân sự có hành vi, lời nói hoặc hình ảnh làm khách, đối tác hiểu sai rằng Công ty đang dùng người điếc/ khiếm thính như một yếu tố xin lòng trắc ẩn để bán hàng | C78: Tất cả nhân sự
A79: VH8.4 | B79: Nhân sự có hành vi hoặc lời nói phân biệt đối xử, làm hộ, tước đi quyền tự quyết và trách nhiệm công việc của đồng nghiệp người điếc/ khiếm thính | C79: Tất cả nhân sự
A80: VH8.5 | B80: Nhân sự lấy yếu tố mô hình xã hội hoặc người điếc/ khiếm thính ra làm lý do biện hộ khi sản phẩm, dịch vụ bị khách phản ánh về chất lượng | C80: Tất cả nhân sự
A81: VH8.6 | B81: Người nói và người điếc/ khiếm thính đang không hiểu nhau ngay trước mặt mà nhân sự không làm cầu nối | C81: Tất cả nhân sự
A82: VH8.7 | B82: Nhân sự truyền đạt sai giá trị hoặc sứ mệnh của Công ty cho đồng nghiệp | C82: Tất cả nhân sự
A83: VH9 | B83: MÙI HƯƠNG, GIÁ TRỊ CỐT LÕI · chấm theo mức độ vi phạm
A84: VH9.1 | B84: Nhân sự giao hàng cho khách mà không xịt hương lên tay cầm túi, kể cả túi giấy nhỏ | C84: Vị trí có đầu việc tại điểm bán
A85: VH9.2 | B85: Nhân sự dùng mùi ngoài quy định chung của hệ thống | C85: Vị trí có đầu việc tại điểm bán
A86: VH9.3 | B86: Nhân sự vệ sinh không gian bằng thứ khác thay cho bình xịt sả chanh của Nhà | C86: Vị trí có đầu việc tại điểm bán
A87: VH9.4 | B87: Nhân sự không vận hành bộ khuếch tán tinh dầu sả java trên khu vực và đúng định mức quy định trong ca | C87: Vị trí có đầu việc tại điểm bán
A88: VH9.5 | B88: Mùi trong không gian yếu hoặc lẫn mùi lạ mà nhân sự không xử lý, cho tới khi khách hoặc quản lý nhận ra | C88: Vị trí có đầu việc tại điểm bán
A89: VH10 | B89: ÂM THANH, VĂN HÓA TÔN TRỌNG KHÔNG GIAN · chấm theo mức độ vi phạm
A90: VH10.1 | B90: Trong ca của nhân sự, không gian không có nhạc phát, hoặc nhạc bị tắt giữa ca | C90: Vị trí có đầu việc tại điểm bán
A91: VH10.2 | B91: Nhân sự để âm lượng lệch mức đã quy định | C91: Vị trí có đầu việc tại điểm bán
A92: VH10.3 | B92: Nhân sự tự chỉnh âm lượng theo cảm xúc cá nhân mà không hỏi người phụ trách | C92: Vị trí có đầu việc tại điểm bán
A93: VH10.4 | B93: Khi không gian bị ồn, nhân sự không chủ động dùng biển chỉ dẫn hoặc thẻ gợi ý ngôn ngữ ký hiệu để mời khách điều chỉnh âm lượng | C93: Vị trí có đầu việc tại điểm bán
A94: VH10.5 | B94: Nhân sự nhắc khách về độ ồn sai quy chuẩn giao tiếp, hoặc bằng thái độ thiếu khéo léo gây gắt gỏng | C94: Vị trí có đầu việc tại điểm bán
A95: VH10.6 | B95: Âm lượng hoặc tiếng ồn vượt mức quy định mà nhân sự không xử lý, cho tới khi khách phản ứng hoặc quản lý trực tiếp phải nhắc | C95: Vị trí có đầu việc tại điểm bán
A96: VH11 | B96: CÂY XANH, Ý THỨC GÌN GIỮ GIÁ TRỊ TỰ NHIÊN · chấm theo mức độ vi phạm
A97: VH11.1 | B97: Nhân sự tự ý di chuyển hoặc tác động lên cây | C97: Vị trí có đầu việc tại điểm bán
A98: VH11.2 | B98: Nhân sự không chăm sóc và giữ gìn phần cây trong khu vực mình phụ trách | C98: Vị trí có đầu việc tại điểm bán
A99: VH11.3 | B99: Nhân sự không chủ động nhắc nhở hoặc báo cáo quản lý khi phát hiện cây xanh trong khu vực bị hư hại, bị tác động sai quy định | C99: Vị trí có đầu việc tại điểm bán
A100: VH11.4 | B100: Nhân sự nhắc khách về việc giữ gìn cây xanh bằng thái độ hoặc từ ngữ thiếu chuẩn mực giao tiếp | C100: Vị trí có đầu việc tại điểm bán
A101: VH11.5 | B101: Nhân sự tư vấn hoặc trả lời sai thông tin ý nghĩa logo của Nhà khi khách hỏi | C101: Vị trí có đầu việc tại điểm bán
A102: VH11.6 | B102: Nhân sự thấy cây bị héo, hỏng hoặc đặt sai vị trí mà không báo người phụ trách | C102: Vị trí có đầu việc tại điểm bán
A103: VH12 | B103: KHÔNG GIAN, TRÁCH NHIỆM CỦA TẤT CẢ · chấm theo mức độ vi phạm
A104: VH12.1 | B104: Nhân sự bỏ qua chi tiết chưa sạch, chưa đẹp, chưa dễ chịu trong khu vực mình đứng | C104: Vị trí có đầu việc tại điểm bán
A105: VH12.2 | B105: Nhân sự không chủ động hỗ trợ dọn dẹp, chăm sóc khu vực chung hoặc khu vực lân cận khi khu vực đó đang quá tải hay chưa đạt chuẩn | C105: Vị trí có đầu việc tại điểm bán
A106: VH12.3 | B106: Đầu ca, nhân sự không quan sát toàn bộ không gian và không xử lý xong trước khi khách vào | C106: Vị trí có đầu việc tại điểm bán
...

Sheet 📐 Bếp bánh
A1: 📐 MA TRẬN CẤP BẬC · TUYẾN BẾP BÁNH - KHUNG RỖNG, phần lưới chờ soạn nội dung.
A2: TUYẾN NÀY GỒM AI
B3: Các vị trí làm bánh phục vụ tại Quán.
B4: Cùng Lead với tuyến Pha chế trên sơ đồ hiện hành.
A6: CÁCH ĐỌC MA TRẬN NÀY
B7: Câu hỏi | C7: Trả lời
B8: Ma trận này trả lời câu gì | C8: Bản mô tả công việc trả lời vị trí này LÀM GÌ. Ma trận trả lời cùng một đầu việc thì BẬC NÀY KHÁC BẬC KIA Ở CHỖ NÀO.
B9: Phân bậc căn cứ vào cái gì | C9: Căn cứ vào QUYỀN TỰ QUYẾT và PHẠM VI ẢNH HƯỞNG: nội dung nào nhân sự tự quyết mà không cần trình phê duyệt, và cách làm của nhân sự tác động tới bao nhiêu người. KHÔNG căn cứ vào độ khó của công việc, vì độ khó là cảm nhận chủ quan, hai người chấm sẽ ra hai kết quả.
B10: Mỗi ô là gì | C10: Mỗi ô là MỘT câu hỏi có đúng hai câu trả lời: đạt hoặc chưa đạt. Không chấm mỗi ô theo thang điểm. Nhiều lần không làm được, hoặc làm sai, thì ô đó là chưa đạt.
B11: Các ô có cộng lại không | C11: KHÔNG. Mỗi tiêu chí là một loại quyền khác nhau, giỏi ở tiêu chí này không bù được cho việc chưa đủ ở tiêu chí kia. Nên đối chiếu từng tiêu chí, không cộng và không bù trừ.
B12: Cấp của một người xác định thế nào | C12: Tuyến này KHÔNG có thang cộng dồn, nên dùng quy tắc đa số: người đó ở một cấp khi đạt cấp đó ở đa số tiêu chí trong phạm vi, VÀ không tiêu chí nào tụt quá mức cho phép. Hai con số này nằm ở sheet Tham số.
B13: Điều kiện lên cấp là gì | C13: Là chất lượng của ĐỀ XUẤT và QUYẾT ĐỊNH ở cấp hiện tại, đủ để tin rằng bỏ lớp duyệt đi thì vẫn đúng. KHÔNG lấy việc "đã tự quyết việc X" làm điều kiện, vì ở cấp dưới nhân sự chưa bao giờ được phép làm X, viết vậy thì không ai lên cấp được.
B14: Ô ghi "Duy trì" nghĩa là gì | C14: Cấp trên không đòi thêm nội dung mới ở tiêu chí đó, chỉ đòi giữ được mức đã đạt. Ô ghi "Chưa yêu cầu" nghĩa là cấp đó chưa đòi tiêu chí này.
B15: Cấp chưa thiết lập nghĩa là gì | C15: Công ty đã nhìn thấy nhu cầu nhưng chưa tách thành vị trí riêng ở thời điểm này. Đường phát triển KHÔNG bị chặn: khi có nhân sự đạt chuẩn thì thiết lập cấp đó.
B16: Hai ngạch có ngang nhau không | C16: Có. Lead bộ phận ngang Chuyên viên, Quản lý khối ngang Chuyên gia: ngang quyền và ngang tiền. Đi ngang giữa hai ngạch là chuyển nghề, không phải lên hay xuống. Trần ngạch chuyên môn dừng ở Chuyên gia, riêng ngạch quản lý đi tiếp tới Trưởng phòng. ✅ 24/8/2026: ngạch tay nghề đã bỏ, gộp vào ngạch chuyên môn; ngạch chuyên môn nay áp cho MỌI tuyến, gồm cả sản xuất và pha chế.
B17: Ma trận này sinh ra tiền không | C17: Không. Nó sinh ra CẤP. Ban lãnh đạo nhìn hai thang chuyên môn và quản lý để quyết bổ nhiệm chức danh; chức danh nào ứng với số tiền nào do quy chế lương quy định. Cùng một cấp ở hai chức danh khác nhau ra hai mức tiền khác nhau.
B18: Phần nào gắn với hợp đồng lao động | C18: Bản mô tả công việc cùng CỘT CẤP ĐANG GIỮ. Các cột cấp khác là thông tin về lộ trình phát triển, không phải phạm vi công việc được giao.
A21: A. RANH GIỚI KHÔNG THỎA HIỆP, RIÊNG TUYẾN NÀY. Không phân bậc, không tính điểm. Vi phạm thì chặn mọi kết quả
B22: ⬜ Chưa soạn ranh giới riêng cho tuyến này. Phần ranh giới chung toàn Công ty vẫn áp dụng, xem sheet 🧬 Khung chung.
A26: B. BỘ CÂU HỎI CHẤM. Đây là toàn bộ nội dung sẽ hiện trên phiếu của tuyến này. Mỗi câu chấm theo thang 0 tới 5, theo ĐÚNG MỘT logic đo ghi ở dòng tên nhóm
B27: B.1. Phần chung, áp dụng cho mọi tuyến. 17 nhóm, 98 câu
A28: Mã | B28: Câu hỏi | C28: Phạm vi áp dụng
A29: VH1 | B29: ONE VOICE, MỘT TIẾNG NÓI THỐNG NHẤT · chấm theo mức độ vi phạm
A30: VH1.1 | B30: Nhân sự có phát ngôn cá nhân trái định hướng chung của Công ty | C30: Tất cả nhân sự
A31: VH1.2 | B31: Nhân sự truyền đạt thông tin chưa được xác nhận | C31: Tất cả nhân sự
A32: VH1.3 | B32: Nhân sự dùng sai hoặc bỏ qua kịch bản và quy chuẩn giao tiếp đã ban hành, cả với khách và trong nội bộ | C32: Tất cả nhân sự
A33: VH1.4 | B33: Nhân sự tự ý trả lời khách hoặc đồng nghiệp thông tin chưa chắc chắn thay vì xác nhận lại với người có thẩm quyền | C33: Tất cả nhân sự
A34: VH1.5 | B34: Nhân sự truyền đạt chính sách hoặc quyết định sai lệch, thiếu sót nội dung so với văn bản gốc đã ban hành | C34: Tất cả nhân sự
A35: VH2 | B35: OUTCOME, KẾT QUẢ CẦN ĐẠT THEO TIÊU CHÍ SMART · chấm theo mức độ vi phạm
A36: VH2.1 | B36: Nhân sự nhận việc mà không nêu được kết quả cần đạt, chỉ mô tả các hoạt động sẽ làm | C36: Tất cả nhân sự
A37: VH2.2 | B37: Kết quả cần đạt do nhân sự nêu không đo được bằng số hoặc bằng dữ kiện kiểm chứng được | C37: Tất cả nhân sự
A38: VH2.3 | B38: Kết quả cần đạt do nhân sự nêu không khả thi với nguồn lực và thời gian đang có | C38: Tất cả nhân sự
A39: VH2.4 | B39: Kết quả cần đạt do nhân sự nêu không phục vụ đúng mục tiêu của bộ phận | C39: Tất cả nhân sự
A40: VH2.5 | B40: Kết quả cần đạt do nhân sự nêu không có thời hạn rõ ràng | C40: Tất cả nhân sự
A41: VH2.6 | B41: Nhân sự không chủ động báo cáo nghiệm thu kết quả công việc bằng số liệu hoặc dữ kiện thực tế khi đến hạn | C41: Tất cả nhân sự
A42: VH2.7 | B42: Kết quả cần đạt nhân sự giao cho nhóm bị hiểu theo nhiều cách, tới lúc nghiệm thu mới phát sinh tranh cãi | C42: Nhân sự giữ vai trò quản lý
A43: VH3 | B43: PURPOSE, MỤC ĐÍCH VÀ VÌ SAO LÀM · chấm theo mức độ vi phạm
A44: VH3.1 | B44: Nhân sự không nhắc lại được vì sao việc mình nhận cần làm | C44: Tất cả nhân sự
A45: VH3.2 | B45: Nhân sự thực hiện công việc sai lệch so với mục tiêu chung của bộ phận hoặc kế hoạch ca đã giao | C45: Tất cả nhân sự
A46: VH3.3 | B46: Cách làm hiện tại không còn phục vụ đúng mục đích mà nhân sự không nêu lại với người phụ trách | C46: Tất cả nhân sự
A47: VH3.4 | B47: Nhân sự giao việc cho người khác mà chỉ nêu đầu việc, không nêu mục đích | C47: Nhân sự giữ vai trò quản lý
A48: VH3.5 | B48: Nhân sự tự ý thay đổi cách làm hoặc cắt giảm công đoạn, gây ảnh hưởng xấu đến trải nghiệm của khách hoặc chất lượng chung | C48: Tất cả nhân sự
A49: VH3.6 | B49: Nhân sự truyền đạt một chủ trương chung mà không diễn giải thành lý do cụ thể cho bộ phận mình phụ trách | C49: Nhân sự giữ vai trò quản lý
A50: VH4 | B50: ACTION PLAN, KẾ HOẠCH HÀNH ĐỘNG · chấm theo mức độ vi phạm
A51: VH4.1 | B51: Nhân sự bắt tay vào việc mà chưa nêu được các bước sẽ làm | C51: Tất cả nhân sự
A52: VH4.2 | B52: Kế hoạch của nhân sự là một danh sách rời, không có thời gian và thứ tự | C52: Tất cả nhân sự
A53: VH4.3 | B53: Nhân sự báo cáo bằng cách kể lại việc đã làm, không báo theo kế hoạch đã nêu | C53: Tất cả nhân sự
A54: VH4.4 | B54: Kế hoạch của nhân sự bỏ qua các rủi ro đã được cảnh báo trước, hoặc không có phương án xử lý khi phát sinh sự cố đã lường trước | C54: Tất cả nhân sự
A55: VH4.5 | B55: Kế hoạch nhân sự giao cho người khác thiếu thời gian, người phụ trách, nguồn lực hoặc mốc đánh giá | C55: Nhân sự giữ vai trò quản lý
A56: VH5 | B56: TIME MANAGEMENT, QUẢN LÝ THỜI GIAN · chấm theo mức độ vi phạm
A57: VH5.1 | B57: Nhân sự tập trung làm các công việc không quan trọng, bỏ quên công việc quan trọng hoặc khẩn cấp được giao trong ca | C57: Tất cả nhân sự
A58: VH5.2 | B58: Khi có nhiều việc cùng lúc, nhân sự không làm việc quan trọng và khẩn cấp trước | C58: Tất cả nhân sự
A59: VH5.3 | B59: Nhân sự hoàn thành công việc trễ hạn | C59: Tất cả nhân sự
A60: VH5.4 | B60: Nhân sự không dành được thời gian cho việc quan trọng nhưng chưa khẩn cấp | C60: Tất cả nhân sự
A61: VH5.5 | B61: Nhân sự để việc quan trọng chưa khẩn cấp trở thành việc khẩn cấp | C61: Tất cả nhân sự
A62: VH5.6 | B62: Cách sắp xếp công việc của nhân sự làm người khác phải xử lý gấp. Không tính việc gấp phát sinh từ nguyên nhân khách quan hoặc thuộc trách nhiệm chung của bộ phận | C62: Tất cả nhân sự
A63: VH6 | B63: PROACTIVE, TƯ DUY CHỦ ĐỘNG · chấm theo mức độ vi phạm
A64: VH6.1 | B64: Nhân sự chờ có người nhắc mới bắt đầu việc thuộc phạm vi của mình | C64: Tất cả nhân sự
A65: VH6.2 | B65: Nhân sự làm việc đối phó: làm cho xong để báo cáo, chỉ làm khi có người kiểm, hoặc làm đúng chữ được giao mà sai mục đích của việc | C65: Tất cả nhân sự
A66: VH6.3 | B66: Nhân sự phát hiện sự cố hoặc vấn đề phát sinh tại điểm bán, tại xưởng nhưng không báo cho người phụ trách và không hỗ trợ xử lý theo quy trình | C66: Tất cả nhân sự
A67: VH6.4 | B67: Nhân sự dừng ở chỗ đã báo cáo hoặc đã chuyển cho người khác, không theo tiếp tới khi việc có kết quả | C67: Tất cả nhân sự
A68: VH6.5 | B68: Nhân sự lặp lại cùng một sai sót, sự cố đã xảy ra trước đó mà không chủ động đề xuất phương án khắc phục với quản lý | C68: Tất cả nhân sự
A69: VH7 | B69: SOLUTION FOCUS, ĐỊNH HƯỚNG GIẢI PHÁP · chấm theo mức độ vi phạm
A70: VH7.1 | B70: Nhân sự báo vấn đề chậm, hoặc báo không đúng người | C70: Tất cả nhân sự
A71: VH7.2 | B71: Khi nêu vấn đề, nhân sự kể lể tình tiết và cảm xúc thay vì mô tả đúng sự việc | C71: Tất cả nhân sự
A72: VH7.3 | B72: Nhân sự nêu vấn đề mà không kèm hướng xử lý nào | C72: Tất cả nhân sự
A73: VH7.4 | B73: Nhân sự nhiều lần nói lại một vấn đề đã được cấp trên ghi nhận và đã báo thời hạn thực thi giải pháp | C73: Tất cả nhân sự
A74: VH7.5 | B74: Một vấn đề lặp lại nhiều lần mà nhân sự chỉ xử lý phần ngọn, không truy nguyên nhân gốc | C74: Tất cả nhân sự
A75: VH8 | B75: SỨ MỆNH · chấm theo mức độ vi phạm
A76: VH8.1 | B76: Khách hỏi về dự án mà nhân sự trả lời sai thông tin, trả lời dài dòng, hoặc kể hoàn cảnh cá nhân của người khác | C76: Vị trí có đầu việc tại điểm bán
A77: VH8.2 | B77: Nhân sự chủ động thuyết giảng về sứ mệnh khi khách không hỏi | C77: Vị trí có đầu việc tại điểm bán
A78: VH8.3 | B78: Nhân sự có hành vi, lời nói hoặc hình ảnh làm khách, đối tác hiểu sai rằng Công ty đang dùng người điếc/ khiếm thính như một yếu tố xin lòng trắc ẩn để bán hàng | C78: Tất cả nhân sự
A79: VH8.4 | B79: Nhân sự có hành vi hoặc lời nói phân biệt đối xử, làm hộ, tước đi quyền tự quyết và trách nhiệm công việc của đồng nghiệp người điếc/ khiếm thính | C79: Tất cả nhân sự
A80: VH8.5 | B80: Nhân sự lấy yếu tố mô hình xã hội hoặc người điếc/ khiếm thính ra làm lý do biện hộ khi sản phẩm, dịch vụ bị khách phản ánh về chất lượng | C80: Tất cả nhân sự
A81: VH8.6 | B81: Người nói và người điếc/ khiếm thính đang không hiểu nhau ngay trước mặt mà nhân sự không làm cầu nối | C81: Tất cả nhân sự
A82: VH8.7 | B82: Nhân sự truyền đạt sai giá trị hoặc sứ mệnh của Công ty cho đồng nghiệp | C82: Tất cả nhân sự
A83: VH9 | B83: MÙI HƯƠNG, GIÁ TRỊ CỐT LÕI · chấm theo mức độ vi phạm
A84: VH9.1 | B84: Nhân sự giao hàng cho khách mà không xịt hương lên tay cầm túi, kể cả túi giấy nhỏ | C84: Vị trí có đầu việc tại điểm bán
A85: VH9.2 | B85: Nhân sự dùng mùi ngoài quy định chung của hệ thống | C85: Vị trí có đầu việc tại điểm bán
A86: VH9.3 | B86: Nhân sự vệ sinh không gian bằng thứ khác thay cho bình xịt sả chanh của Nhà | C86: Vị trí có đầu việc tại điểm bán
A87: VH9.4 | B87: Nhân sự không vận hành bộ khuếch tán tinh dầu sả java trên khu vực và đúng định mức quy định trong ca | C87: Vị trí có đầu việc tại điểm bán
A88: VH9.5 | B88: Mùi trong không gian yếu hoặc lẫn mùi lạ mà nhân sự không xử lý, cho tới khi khách hoặc quản lý nhận ra | C88: Vị trí có đầu việc tại điểm bán
A89: VH10 | B89: ÂM THANH, VĂN HÓA TÔN TRỌNG KHÔNG GIAN · chấm theo mức độ vi phạm
A90: VH10.1 | B90: Trong ca của nhân sự, không gian không có nhạc phát, hoặc nhạc bị tắt giữa ca | C90: Vị trí có đầu việc tại điểm bán
A91: VH10.2 | B91: Nhân sự để âm lượng lệch mức đã quy định | C91: Vị trí có đầu việc tại điểm bán
A92: VH10.3 | B92: Nhân sự tự chỉnh âm lượng theo cảm xúc cá nhân mà không hỏi người phụ trách | C92: Vị trí có đầu việc tại điểm bán
A93: VH10.4 | B93: Khi không gian bị ồn, nhân sự không chủ động dùng biển chỉ dẫn hoặc thẻ gợi ý ngôn ngữ ký hiệu để mời khách điều chỉnh âm lượng | C93: Vị trí có đầu việc tại điểm bán
A94: VH10.5 | B94: Nhân sự nhắc khách về độ ồn sai quy chuẩn giao tiếp, hoặc bằng thái độ thiếu khéo léo gây gắt gỏng | C94: Vị trí có đầu việc tại điểm bán
A95: VH10.6 | B95: Âm lượng hoặc tiếng ồn vượt mức quy định mà nhân sự không xử lý, cho tới khi khách phản ứng hoặc quản lý trực tiếp phải nhắc | C95: Vị trí có đầu việc tại điểm bán
A96: VH11 | B96: CÂY XANH, Ý THỨC GÌN GIỮ GIÁ TRỊ TỰ NHIÊN · chấm theo mức độ vi phạm
A97: VH11.1 | B97: Nhân sự tự ý di chuyển hoặc tác động lên cây | C97: Vị trí có đầu việc tại điểm bán
A98: VH11.2 | B98: Nhân sự không chăm sóc và giữ gìn phần cây trong khu vực mình phụ trách | C98: Vị trí có đầu việc tại điểm bán
A99: VH11.3 | B99: Nhân sự không chủ động nhắc nhở hoặc báo cáo quản lý khi phát hiện cây xanh trong khu vực bị hư hại, bị tác động sai quy định | C99: Vị trí có đầu việc tại điểm bán
A100: VH11.4 | B100: Nhân sự nhắc khách về việc giữ gìn cây xanh bằng thái độ hoặc từ ngữ thiếu chuẩn mực giao tiếp | C100: Vị trí có đầu việc tại điểm bán
A101: VH11.5 | B101: Nhân sự tư vấn hoặc trả lời sai thông tin ý nghĩa logo của Nhà khi khách hỏi | C101: Vị trí có đầu việc tại điểm bán
A102: VH11.6 | B102: Nhân sự thấy cây bị héo, hỏng hoặc đặt sai vị trí mà không báo người phụ trách | C102: Vị trí có đầu việc tại điểm bán
A103: VH12 | B103: KHÔNG GIAN, TRÁCH NHIỆM CỦA TẤT CẢ · chấm theo mức độ vi phạm
A104: VH12.1 | B104: Nhân sự bỏ qua chi tiết chưa sạch, chưa đẹp, chưa dễ chịu trong khu vực mình đứng | C104: Vị trí có đầu việc tại điểm bán
A105: VH12.2 | B105: Nhân sự không chủ động hỗ trợ dọn dẹp, chăm sóc khu vực chung hoặc khu vực lân cận khi khu vực đó đang quá tải hay chưa đạt chuẩn | C105: Vị trí có đầu việc tại điểm bán
A106: VH12.3 | B106: Đầu ca, nhân sự không quan sát toàn bộ không gian và không xử lý xong trước khi khách vào | C106: Vị trí có đầu việc tại điểm bán
...

Sheet 📐 Sản xuất
A1: 📐 MA TRẬN CẤP BẬC · TUYẾN SẢN XUẤT - KHUNG RỖNG, phần lưới chờ soạn nội dung.
A2: TUYẾN NÀY GỒM AI
B3: Các vị trí làm ra sản phẩm của Công ty: tinh dầu, xà phòng, nến thơm, xịt thơm phòng, nước hoa và tinh dầu bi lăn.
B4: Đây là nơi tập trung phần lớn nhân sự người điếc/ khiếm thính, nên lưới của tuyến này cần soạn cùng Điều phối viên Hòa nhập.
A6: CÁCH ĐỌC MA TRẬN NÀY
B7: Câu hỏi | C7: Trả lời
B8: Ma trận này trả lời câu gì | C8: Bản mô tả công việc trả lời vị trí này LÀM GÌ. Ma trận trả lời cùng một đầu việc thì BẬC NÀY KHÁC BẬC KIA Ở CHỖ NÀO.
B9: Phân bậc căn cứ vào cái gì | C9: Căn cứ vào QUYỀN TỰ QUYẾT và PHẠM VI ẢNH HƯỞNG: nội dung nào nhân sự tự quyết mà không cần trình phê duyệt, và cách làm của nhân sự tác động tới bao nhiêu người. KHÔNG căn cứ vào độ khó của công việc, vì độ khó là cảm nhận chủ quan, hai người chấm sẽ ra hai kết quả.
B10: Mỗi ô là gì | C10: Mỗi ô là MỘT câu hỏi có đúng hai câu trả lời: đạt hoặc chưa đạt. Không chấm mỗi ô theo thang điểm. Nhiều lần không làm được, hoặc làm sai, thì ô đó là chưa đạt.
B11: Các ô có cộng lại không | C11: KHÔNG. Mỗi tiêu chí là một loại quyền khác nhau, giỏi ở tiêu chí này không bù được cho việc chưa đủ ở tiêu chí kia. Nên đối chiếu từng tiêu chí, không cộng và không bù trừ.
B12: Cấp của một người xác định thế nào | C12: Tuyến này KHÔNG có thang cộng dồn, nên dùng quy tắc đa số: người đó ở một cấp khi đạt cấp đó ở đa số tiêu chí trong phạm vi, VÀ không tiêu chí nào tụt quá mức cho phép. Hai con số này nằm ở sheet Tham số.
B13: Điều kiện lên cấp là gì | C13: Là chất lượng của ĐỀ XUẤT và QUYẾT ĐỊNH ở cấp hiện tại, đủ để tin rằng bỏ lớp duyệt đi thì vẫn đúng. KHÔNG lấy việc "đã tự quyết việc X" làm điều kiện, vì ở cấp dưới nhân sự chưa bao giờ được phép làm X, viết vậy thì không ai lên cấp được.
B14: Ô ghi "Duy trì" nghĩa là gì | C14: Cấp trên không đòi thêm nội dung mới ở tiêu chí đó, chỉ đòi giữ được mức đã đạt. Ô ghi "Chưa yêu cầu" nghĩa là cấp đó chưa đòi tiêu chí này.
B15: Cấp chưa thiết lập nghĩa là gì | C15: Công ty đã nhìn thấy nhu cầu nhưng chưa tách thành vị trí riêng ở thời điểm này. Đường phát triển KHÔNG bị chặn: khi có nhân sự đạt chuẩn thì thiết lập cấp đó.
B16: Hai ngạch có ngang nhau không | C16: Có. Lead bộ phận ngang Chuyên viên, Quản lý khối ngang Chuyên gia: ngang quyền và ngang tiền. Đi ngang giữa hai ngạch là chuyển nghề, không phải lên hay xuống. Trần ngạch chuyên môn dừng ở Chuyên gia, riêng ngạch quản lý đi tiếp tới Trưởng phòng. ✅ 24/8/2026: ngạch tay nghề đã bỏ, gộp vào ngạch chuyên môn; ngạch chuyên môn nay áp cho MỌI tuyến, gồm cả sản xuất và pha chế.
B17: Ma trận này sinh ra tiền không | C17: Không. Nó sinh ra CẤP. Ban lãnh đạo nhìn hai thang chuyên môn và quản lý để quyết bổ nhiệm chức danh; chức danh nào ứng với số tiền nào do quy chế lương quy định. Cùng một cấp ở hai chức danh khác nhau ra hai mức tiền khác nhau.
B18: Phần nào gắn với hợp đồng lao động | C18: Bản mô tả công việc cùng CỘT CẤP ĐANG GIỮ. Các cột cấp khác là thông tin về lộ trình phát triển, không phải phạm vi công việc được giao.
A21: A. RANH GIỚI KHÔNG THỎA HIỆP, RIÊNG TUYẾN NÀY. Không phân bậc, không tính điểm. Vi phạm thì chặn mọi kết quả
B22: ⬜ Chưa soạn ranh giới riêng cho tuyến này. Phần ranh giới chung toàn Công ty vẫn áp dụng, xem sheet 🧬 Khung chung.
A26: B. BỘ CÂU HỎI CHẤM. Đây là toàn bộ nội dung sẽ hiện trên phiếu của tuyến này. Mỗi câu chấm theo thang 0 tới 5, theo ĐÚNG MỘT logic đo ghi ở dòng tên nhóm
B27: B.1. Phần chung, áp dụng cho mọi tuyến. 13 nhóm, 76 câu
A28: Mã | B28: Câu hỏi | C28: Phạm vi áp dụng
A29: VH1 | B29: ONE VOICE, MỘT TIẾNG NÓI THỐNG NHẤT · chấm theo mức độ vi phạm
A30: VH1.1 | B30: Nhân sự có phát ngôn cá nhân trái định hướng chung của Công ty | C30: Tất cả nhân sự
A31: VH1.2 | B31: Nhân sự truyền đạt thông tin chưa được xác nhận | C31: Tất cả nhân sự
A32: VH1.3 | B32: Nhân sự dùng sai hoặc bỏ qua kịch bản và quy chuẩn giao tiếp đã ban hành, cả với khách và trong nội bộ | C32: Tất cả nhân sự
A33: VH1.4 | B33: Nhân sự tự ý trả lời khách hoặc đồng nghiệp thông tin chưa chắc chắn thay vì xác nhận lại với người có thẩm quyền | C33: Tất cả nhân sự
A34: VH1.5 | B34: Nhân sự truyền đạt chính sách hoặc quyết định sai lệch, thiếu sót nội dung so với văn bản gốc đã ban hành | C34: Tất cả nhân sự
A35: VH2 | B35: OUTCOME, KẾT QUẢ CẦN ĐẠT THEO TIÊU CHÍ SMART · chấm theo mức độ vi phạm
A36: VH2.1 | B36: Nhân sự nhận việc mà không nêu được kết quả cần đạt, chỉ mô tả các hoạt động sẽ làm | C36: Tất cả nhân sự
A37: VH2.2 | B37: Kết quả cần đạt do nhân sự nêu không đo được bằng số hoặc bằng dữ kiện kiểm chứng được | C37: Tất cả nhân sự
A38: VH2.3 | B38: Kết quả cần đạt do nhân sự nêu không khả thi với nguồn lực và thời gian đang có | C38: Tất cả nhân sự
A39: VH2.4 | B39: Kết quả cần đạt do nhân sự nêu không phục vụ đúng mục tiêu của bộ phận | C39: Tất cả nhân sự
A40: VH2.5 | B40: Kết quả cần đạt do nhân sự nêu không có thời hạn rõ ràng | C40: Tất cả nhân sự
A41: VH2.6 | B41: Nhân sự không chủ động báo cáo nghiệm thu kết quả công việc bằng số liệu hoặc dữ kiện thực tế khi đến hạn | C41: Tất cả nhân sự
A42: VH2.7 | B42: Kết quả cần đạt nhân sự giao cho nhóm bị hiểu theo nhiều cách, tới lúc nghiệm thu mới phát sinh tranh cãi | C42: Nhân sự giữ vai trò quản lý
A43: VH3 | B43: PURPOSE, MỤC ĐÍCH VÀ VÌ SAO LÀM · chấm theo mức độ vi phạm
A44: VH3.1 | B44: Nhân sự không nhắc lại được vì sao việc mình nhận cần làm | C44: Tất cả nhân sự
A45: VH3.2 | B45: Nhân sự thực hiện công việc sai lệch so với mục tiêu chung của bộ phận hoặc kế hoạch ca đã giao | C45: Tất cả nhân sự
A46: VH3.3 | B46: Cách làm hiện tại không còn phục vụ đúng mục đích mà nhân sự không nêu lại với người phụ trách | C46: Tất cả nhân sự
A47: VH3.4 | B47: Nhân sự giao việc cho người khác mà chỉ nêu đầu việc, không nêu mục đích | C47: Nhân sự giữ vai trò quản lý
A48: VH3.5 | B48: Nhân sự tự ý thay đổi cách làm hoặc cắt giảm công đoạn, gây ảnh hưởng xấu đến trải nghiệm của khách hoặc chất lượng chung | C48: Tất cả nhân sự
A49: VH3.6 | B49: Nhân sự truyền đạt một chủ trương chung mà không diễn giải thành lý do cụ thể cho bộ phận mình phụ trách | C49: Nhân sự giữ vai trò quản lý
A50: VH4 | B50: ACTION PLAN, KẾ HOẠCH HÀNH ĐỘNG · chấm theo mức độ vi phạm
A51: VH4.1 | B51: Nhân sự bắt tay vào việc mà chưa nêu được các bước sẽ làm | C51: Tất cả nhân sự
A52: VH4.2 | B52: Kế hoạch của nhân sự là một danh sách rời, không có thời gian và thứ tự | C52: Tất cả nhân sự
A53: VH4.3 | B53: Nhân sự báo cáo bằng cách kể lại việc đã làm, không báo theo kế hoạch đã nêu | C53: Tất cả nhân sự
A54: VH4.4 | B54: Kế hoạch của nhân sự bỏ qua các rủi ro đã được cảnh báo trước, hoặc không có phương án xử lý khi phát sinh sự cố đã lường trước | C54: Tất cả nhân sự
A55: VH4.5 | B55: Kế hoạch nhân sự giao cho người khác thiếu thời gian, người phụ trách, nguồn lực hoặc mốc đánh giá | C55: Nhân sự giữ vai trò quản lý
A56: VH5 | B56: TIME MANAGEMENT, QUẢN LÝ THỜI GIAN · chấm theo mức độ vi phạm
A57: VH5.1 | B57: Nhân sự tập trung làm các công việc không quan trọng, bỏ quên công việc quan trọng hoặc khẩn cấp được giao trong ca | C57: Tất cả nhân sự
A58: VH5.2 | B58: Khi có nhiều việc cùng lúc, nhân sự không làm việc quan trọng và khẩn cấp trước | C58: Tất cả nhân sự
A59: VH5.3 | B59: Nhân sự hoàn thành công việc trễ hạn | C59: Tất cả nhân sự
A60: VH5.4 | B60: Nhân sự không dành được thời gian cho việc quan trọng nhưng chưa khẩn cấp | C60: Tất cả nhân sự
A61: VH5.5 | B61: Nhân sự để việc quan trọng chưa khẩn cấp trở thành việc khẩn cấp | C61: Tất cả nhân sự
A62: VH5.6 | B62: Cách sắp xếp công việc của nhân sự làm người khác phải xử lý gấp. Không tính việc gấp phát sinh từ nguyên nhân khách quan hoặc thuộc trách nhiệm chung của bộ phận | C62: Tất cả nhân sự
A63: VH6 | B63: PROACTIVE, TƯ DUY CHỦ ĐỘNG · chấm theo mức độ vi phạm
A64: VH6.1 | B64: Nhân sự chờ có người nhắc mới bắt đầu việc thuộc phạm vi của mình | C64: Tất cả nhân sự
A65: VH6.2 | B65: Nhân sự làm việc đối phó: làm cho xong để báo cáo, chỉ làm khi có người kiểm, hoặc làm đúng chữ được giao mà sai mục đích của việc | C65: Tất cả nhân sự
A66: VH6.3 | B66: Nhân sự phát hiện sự cố hoặc vấn đề phát sinh tại điểm bán, tại xưởng nhưng không báo cho người phụ trách và không hỗ trợ xử lý theo quy trình | C66: Tất cả nhân sự
A67: VH6.4 | B67: Nhân sự dừng ở chỗ đã báo cáo hoặc đã chuyển cho người khác, không theo tiếp tới khi việc có kết quả | C67: Tất cả nhân sự
A68: VH6.5 | B68: Nhân sự lặp lại cùng một sai sót, sự cố đã xảy ra trước đó mà không chủ động đề xuất phương án khắc phục với quản lý | C68: Tất cả nhân sự
A69: VH7 | B69: SOLUTION FOCUS, ĐỊNH HƯỚNG GIẢI PHÁP · chấm theo mức độ vi phạm
A70: VH7.1 | B70: Nhân sự báo vấn đề chậm, hoặc báo không đúng người | C70: Tất cả nhân sự
A71: VH7.2 | B71: Khi nêu vấn đề, nhân sự kể lể tình tiết và cảm xúc thay vì mô tả đúng sự việc | C71: Tất cả nhân sự
A72: VH7.3 | B72: Nhân sự nêu vấn đề mà không kèm hướng xử lý nào | C72: Tất cả nhân sự
A73: VH7.4 | B73: Nhân sự nhiều lần nói lại một vấn đề đã được cấp trên ghi nhận và đã báo thời hạn thực thi giải pháp | C73: Tất cả nhân sự
A74: VH7.5 | B74: Một vấn đề lặp lại nhiều lần mà nhân sự chỉ xử lý phần ngọn, không truy nguyên nhân gốc | C74: Tất cả nhân sự
A75: VH8 | B75: SỨ MỆNH · chấm theo mức độ vi phạm
A76: VH8.1 | B76: Khách hỏi về dự án mà nhân sự trả lời sai thông tin, trả lời dài dòng, hoặc kể hoàn cảnh cá nhân của người khác | C76: Vị trí có đầu việc tại điểm bán
A77: VH8.2 | B77: Nhân sự chủ động thuyết giảng về sứ mệnh khi khách không hỏi | C77: Vị trí có đầu việc tại điểm bán
A78: VH8.3 | B78: Nhân sự có hành vi, lời nói hoặc hình ảnh làm khách, đối tác hiểu sai rằng Công ty đang dùng người điếc/ khiếm thính như một yếu tố xin lòng trắc ẩn để bán hàng | C78: Tất cả nhân sự
A79: VH8.4 | B79: Nhân sự có hành vi hoặc lời nói phân biệt đối xử, làm hộ, tước đi quyền tự quyết và trách nhiệm công việc của đồng nghiệp người điếc/ khiếm thính | C79: Tất cả nhân sự
A80: VH8.5 | B80: Nhân sự lấy yếu tố mô hình xã hội hoặc người điếc/ khiếm thính ra làm lý do biện hộ khi sản phẩm, dịch vụ bị khách phản ánh về chất lượng | C80: Tất cả nhân sự
A81: VH8.6 | B81: Người nói và người điếc/ khiếm thính đang không hiểu nhau ngay trước mặt mà nhân sự không làm cầu nối | C81: Tất cả nhân sự
A82: VH8.7 | B82: Nhân sự truyền đạt sai giá trị hoặc sứ mệnh của Công ty cho đồng nghiệp | C82: Tất cả nhân sự
A83: TC1 | B83: GIAO TIẾP VÀ PHỐI HỢP · chấm theo mức độ vi phạm
A84: TC1.1 | B84: Nhân sự trao đổi không rõ trong phạm vi việc của mình, người khác phải hỏi lại mới hiểu | C84: Tất cả nhân sự
A85: TC1.2 | B85: Nhân sự không thông tin cho người liên quan, cho tới khi họ phải hỏi | C85: Tất cả nhân sự
A86: TC1.3 | B86: Bất đồng trong bộ phận thuộc thẩm quyền của nhân sự mà nhân sự không xử lý bằng trao đổi trực tiếp | C86: Tất cả nhân sự
A87: TC1.4 | B87: Nhân sự làm việc với bộ phận khác không trôi chảy khi hai bên có ưu tiên khác nhau | C87: Tất cả nhân sự
A88: TC3 | B88: CÔNG NGHỆ VÀ CÔNG CỤ, PHẦN CHUẨN · chấm theo mức độ vi phạm
A89: TC3.1 | B89: Nhân sự phải có người nhắc mới dùng bộ công cụ số bắt buộc của vị trí mình | C89: Tất cả nhân sự
A90: TC3.2 | B90: Nhân sự nhập dữ liệu sai chuẩn, phải sửa lại sau | C90: Tất cả nhân sự
A91: TC3.3 | B91: Nhân sự không thực hiện đúng các thao tác xử lý sự cố công cụ hoặc phần mềm cơ bản đã được hướng dẫn trong tài liệu chuẩn | C91: Tất cả nhân sự
A92: TC3.4 | B92: Nhân sự dùng kết quả do AI sinh ra mà không rà lại | C92: Tất cả nhân sự
A93: TC3.5 | B93: Nhân sự không cập nhật trạng thái công việc, báo cáo lên phần mềm và công cụ chung đúng thời gian quy định | C93: Tất cả nhân sự
A94: TC3.6 | B94: Nhân sự dùng sai công cụ cho loại việc đang làm, và không nêu được căn cứ chọn | C94: Tất cả nhân sự
A95: TC3.7 | B95: Sản phẩm nhân sự giao phải làm lại vì chưa đúng chuẩn ngay lần đầu | C95: Tất cả nhân sự
A96: TC3.8 | B96: Người khác phải hỏi thêm mới dùng lại được sản phẩm nhân sự giao | C96: Tất cả nhân sự
A97: TC6 | B97: THẤU CẢM & HÒA HỢP TRONG ĐỘI NHÓM · chấm theo mức độ vi phạm
A98: TC6.1 | B98: Nhân sự trao đổi về sai sót của một đồng nghiệp trước mặt người khác, trong khi việc đó trao đổi riêng được | C98: Tất cả nhân sự
A99: TC6.2 | B99: Đồng nghiệp nêu ý kiến khác, nhân sự phản ứng về người nêu thay vì trao đổi về nội dung ý kiến | C99: Tất cả nhân sự
A100: TC6.3 | B100: Nhân sự hối thúc hoặc đòi hỏi bộ phận khác xử lý gấp việc của mình mà bỏ qua quy trình và thời gian xử lý chuẩn đã cam kết giữa các bên | C100: Tất cả nhân sự
A101: TC6.4 | B101: Nhân sự thiếu kiên nhẫn hoặc bỏ qua việc dùng các công cụ hỗ trợ giao tiếp là viết giấy, ngôn ngữ ký hiệu, hình ảnh khi trao đổi công việc với đồng nghiệp người điếc/ khiếm thính và người nói | C101: Tất cả nhân sự
A102: NL1 | B102: NGÔN NGỮ VÀ SỨ MỆNH · chấm theo mức độ ghi nhận
A103: NL1.1 | B103: Nhân sự chào hỏi và trao đổi việc đơn giản bằng ngôn ngữ ký hiệu | C103: Tất cả nhân sự
A104: NL1.3 | B104: Nhân sự kèm được đồng nghiệp học ngôn ngữ của nhóm kia | C104: Tất cả nhân sự
A105: NL1.4 | B105: Nhân sự trao đổi công việc hằng ngày bằng ngôn ngữ ký hiệu mà không cần người phiên dịch | C105: Nhân sự người nói
A106: NL1.5 | B106: Nhân sự trao đổi được nội dung chuyên môn của vị trí mình bằng ngôn ngữ ký hiệu | C106: Nhân sự người nói
...

Sheet 📐 Kho và Đóng gói
A1: 📐 MA TRẬN CẤP BẬC · TUYẾN KHO VÀ ĐÓNG GÓI - KHUNG RỖNG, phần lưới chờ soạn nội dung.
A2: TUYẾN NÀY GỒM AI
B3: Các vị trí nhận hàng, lưu kho, soạn đơn, đóng gói và giao vận.
B4: Thuộc Khối Chuỗi cung ứng.
A6: CÁCH ĐỌC MA TRẬN NÀY
B7: Câu hỏi | C7: Trả lời
B8: Ma trận này trả lời câu gì | C8: Bản mô tả công việc trả lời vị trí này LÀM GÌ. Ma trận trả lời cùng một đầu việc thì BẬC NÀY KHÁC BẬC KIA Ở CHỖ NÀO.
B9: Phân bậc căn cứ vào cái gì | C9: Căn cứ vào QUYỀN TỰ QUYẾT và PHẠM VI ẢNH HƯỞNG: nội dung nào nhân sự tự quyết mà không cần trình phê duyệt, và cách làm của nhân sự tác động tới bao nhiêu người. KHÔNG căn cứ vào độ khó của công việc, vì độ khó là cảm nhận chủ quan, hai người chấm sẽ ra hai kết quả.
B10: Mỗi ô là gì | C10: Mỗi ô là MỘT câu hỏi có đúng hai câu trả lời: đạt hoặc chưa đạt. Không chấm mỗi ô theo thang điểm. Nhiều lần không làm được, hoặc làm sai, thì ô đó là chưa đạt.
B11: Các ô có cộng lại không | C11: KHÔNG. Mỗi tiêu chí là một loại quyền khác nhau, giỏi ở tiêu chí này không bù được cho việc chưa đủ ở tiêu chí kia. Nên đối chiếu từng tiêu chí, không cộng và không bù trừ.
B12: Cấp của một người xác định thế nào | C12: Tuyến này KHÔNG có thang cộng dồn, nên dùng quy tắc đa số: người đó ở một cấp khi đạt cấp đó ở đa số tiêu chí trong phạm vi, VÀ không tiêu chí nào tụt quá mức cho phép. Hai con số này nằm ở sheet Tham số.
B13: Điều kiện lên cấp là gì | C13: Là chất lượng của ĐỀ XUẤT và QUYẾT ĐỊNH ở cấp hiện tại, đủ để tin rằng bỏ lớp duyệt đi thì vẫn đúng. KHÔNG lấy việc "đã tự quyết việc X" làm điều kiện, vì ở cấp dưới nhân sự chưa bao giờ được phép làm X, viết vậy thì không ai lên cấp được.
B14: Ô ghi "Duy trì" nghĩa là gì | C14: Cấp trên không đòi thêm nội dung mới ở tiêu chí đó, chỉ đòi giữ được mức đã đạt. Ô ghi "Chưa yêu cầu" nghĩa là cấp đó chưa đòi tiêu chí này.
B15: Cấp chưa thiết lập nghĩa là gì | C15: Công ty đã nhìn thấy nhu cầu nhưng chưa tách thành vị trí riêng ở thời điểm này. Đường phát triển KHÔNG bị chặn: khi có nhân sự đạt chuẩn thì thiết lập cấp đó.
B16: Hai ngạch có ngang nhau không | C16: Có. Lead bộ phận ngang Chuyên viên, Quản lý khối ngang Chuyên gia: ngang quyền và ngang tiền. Đi ngang giữa hai ngạch là chuyển nghề, không phải lên hay xuống. Trần ngạch chuyên môn dừng ở Chuyên gia, riêng ngạch quản lý đi tiếp tới Trưởng phòng. ✅ 24/8/2026: ngạch tay nghề đã bỏ, gộp vào ngạch chuyên môn; ngạch chuyên môn nay áp cho MỌI tuyến, gồm cả sản xuất và pha chế.
B17: Ma trận này sinh ra tiền không | C17: Không. Nó sinh ra CẤP. Ban lãnh đạo nhìn hai thang chuyên môn và quản lý để quyết bổ nhiệm chức danh; chức danh nào ứng với số tiền nào do quy chế lương quy định. Cùng một cấp ở hai chức danh khác nhau ra hai mức tiền khác nhau.
B18: Phần nào gắn với hợp đồng lao động | C18: Bản mô tả công việc cùng CỘT CẤP ĐANG GIỮ. Các cột cấp khác là thông tin về lộ trình phát triển, không phải phạm vi công việc được giao.
A21: A. RANH GIỚI KHÔNG THỎA HIỆP, RIÊNG TUYẾN NÀY. Không phân bậc, không tính điểm. Vi phạm thì chặn mọi kết quả
B22: ⬜ Chưa soạn ranh giới riêng cho tuyến này. Phần ranh giới chung toàn Công ty vẫn áp dụng, xem sheet 🧬 Khung chung.
A26: B. BỘ CÂU HỎI CHẤM. Đây là toàn bộ nội dung sẽ hiện trên phiếu của tuyến này. Mỗi câu chấm theo thang 0 tới 5, theo ĐÚNG MỘT logic đo ghi ở dòng tên nhóm
B27: B.1. Phần chung, áp dụng cho mọi tuyến. 13 nhóm, 76 câu
A28: Mã | B28: Câu hỏi | C28: Phạm vi áp dụng
A29: VH1 | B29: ONE VOICE, MỘT TIẾNG NÓI THỐNG NHẤT · chấm theo mức độ vi phạm
A30: VH1.1 | B30: Nhân sự có phát ngôn cá nhân trái định hướng chung của Công ty | C30: Tất cả nhân sự
A31: VH1.2 | B31: Nhân sự truyền đạt thông tin chưa được xác nhận | C31: Tất cả nhân sự
A32: VH1.3 | B32: Nhân sự dùng sai hoặc bỏ qua kịch bản và quy chuẩn giao tiếp đã ban hành, cả với khách và trong nội bộ | C32: Tất cả nhân sự
A33: VH1.4 | B33: Nhân sự tự ý trả lời khách hoặc đồng nghiệp thông tin chưa chắc chắn thay vì xác nhận lại với người có thẩm quyền | C33: Tất cả nhân sự
A34: VH1.5 | B34: Nhân sự truyền đạt chính sách hoặc quyết định sai lệch, thiếu sót nội dung so với văn bản gốc đã ban hành | C34: Tất cả nhân sự
A35: VH2 | B35: OUTCOME, KẾT QUẢ CẦN ĐẠT THEO TIÊU CHÍ SMART · chấm theo mức độ vi phạm
A36: VH2.1 | B36: Nhân sự nhận việc mà không nêu được kết quả cần đạt, chỉ mô tả các hoạt động sẽ làm | C36: Tất cả nhân sự
A37: VH2.2 | B37: Kết quả cần đạt do nhân sự nêu không đo được bằng số hoặc bằng dữ kiện kiểm chứng được | C37: Tất cả nhân sự
A38: VH2.3 | B38: Kết quả cần đạt do nhân sự nêu không khả thi với nguồn lực và thời gian đang có | C38: Tất cả nhân sự
A39: VH2.4 | B39: Kết quả cần đạt do nhân sự nêu không phục vụ đúng mục tiêu của bộ phận | C39: Tất cả nhân sự
A40: VH2.5 | B40: Kết quả cần đạt do nhân sự nêu không có thời hạn rõ ràng | C40: Tất cả nhân sự
A41: VH2.6 | B41: Nhân sự không chủ động báo cáo nghiệm thu kết quả công việc bằng số liệu hoặc dữ kiện thực tế khi đến hạn | C41: Tất cả nhân sự
A42: VH2.7 | B42: Kết quả cần đạt nhân sự giao cho nhóm bị hiểu theo nhiều cách, tới lúc nghiệm thu mới phát sinh tranh cãi | C42: Nhân sự giữ vai trò quản lý
A43: VH3 | B43: PURPOSE, MỤC ĐÍCH VÀ VÌ SAO LÀM · chấm theo mức độ vi phạm
A44: VH3.1 | B44: Nhân sự không nhắc lại được vì sao việc mình nhận cần làm | C44: Tất cả nhân sự
A45: VH3.2 | B45: Nhân sự thực hiện công việc sai lệch so với mục tiêu chung của bộ phận hoặc kế hoạch ca đã giao | C45: Tất cả nhân sự
A46: VH3.3 | B46: Cách làm hiện tại không còn phục vụ đúng mục đích mà nhân sự không nêu lại với người phụ trách | C46: Tất cả nhân sự
A47: VH3.4 | B47: Nhân sự giao việc cho người khác mà chỉ nêu đầu việc, không nêu mục đích | C47: Nhân sự giữ vai trò quản lý
A48: VH3.5 | B48: Nhân sự tự ý thay đổi cách làm hoặc cắt giảm công đoạn, gây ảnh hưởng xấu đến trải nghiệm của khách hoặc chất lượng chung | C48: Tất cả nhân sự
A49: VH3.6 | B49: Nhân sự truyền đạt một chủ trương chung mà không diễn giải thành lý do cụ thể cho bộ phận mình phụ trách | C49: Nhân sự giữ vai trò quản lý
A50: VH4 | B50: ACTION PLAN, KẾ HOẠCH HÀNH ĐỘNG · chấm theo mức độ vi phạm
A51: VH4.1 | B51: Nhân sự bắt tay vào việc mà chưa nêu được các bước sẽ làm | C51: Tất cả nhân sự
A52: VH4.2 | B52: Kế hoạch của nhân sự là một danh sách rời, không có thời gian và thứ tự | C52: Tất cả nhân sự
A53: VH4.3 | B53: Nhân sự báo cáo bằng cách kể lại việc đã làm, không báo theo kế hoạch đã nêu | C53: Tất cả nhân sự
A54: VH4.4 | B54: Kế hoạch của nhân sự bỏ qua các rủi ro đã được cảnh báo trước, hoặc không có phương án xử lý khi phát sinh sự cố đã lường trước | C54: Tất cả nhân sự
A55: VH4.5 | B55: Kế hoạch nhân sự giao cho người khác thiếu thời gian, người phụ trách, nguồn lực hoặc mốc đánh giá | C55: Nhân sự giữ vai trò quản lý
A56: VH5 | B56: TIME MANAGEMENT, QUẢN LÝ THỜI GIAN · chấm theo mức độ vi phạm
A57: VH5.1 | B57: Nhân sự tập trung làm các công việc không quan trọng, bỏ quên công việc quan trọng hoặc khẩn cấp được giao trong ca | C57: Tất cả nhân sự
A58: VH5.2 | B58: Khi có nhiều việc cùng lúc, nhân sự không làm việc quan trọng và khẩn cấp trước | C58: Tất cả nhân sự
A59: VH5.3 | B59: Nhân sự hoàn thành công việc trễ hạn | C59: Tất cả nhân sự
A60: VH5.4 | B60: Nhân sự không dành được thời gian cho việc quan trọng nhưng chưa khẩn cấp | C60: Tất cả nhân sự
A61: VH5.5 | B61: Nhân sự để việc quan trọng chưa khẩn cấp trở thành việc khẩn cấp | C61: Tất cả nhân sự
A62: VH5.6 | B62: Cách sắp xếp công việc của nhân sự làm người khác phải xử lý gấp. Không tính việc gấp phát sinh từ nguyên nhân khách quan hoặc thuộc trách nhiệm chung của bộ phận | C62: Tất cả nhân sự
A63: VH6 | B63: PROACTIVE, TƯ DUY CHỦ ĐỘNG · chấm theo mức độ vi phạm
A64: VH6.1 | B64: Nhân sự chờ có người nhắc mới bắt đầu việc thuộc phạm vi của mình | C64: Tất cả nhân sự
A65: VH6.2 | B65: Nhân sự làm việc đối phó: làm cho xong để báo cáo, chỉ làm khi có người kiểm, hoặc làm đúng chữ được giao mà sai mục đích của việc | C65: Tất cả nhân sự
A66: VH6.3 | B66: Nhân sự phát hiện sự cố hoặc vấn đề phát sinh tại điểm bán, tại xưởng nhưng không báo cho người phụ trách và không hỗ trợ xử lý theo quy trình | C66: Tất cả nhân sự
A67: VH6.4 | B67: Nhân sự dừng ở chỗ đã báo cáo hoặc đã chuyển cho người khác, không theo tiếp tới khi việc có kết quả | C67: Tất cả nhân sự
A68: VH6.5 | B68: Nhân sự lặp lại cùng một sai sót, sự cố đã xảy ra trước đó mà không chủ động đề xuất phương án khắc phục với quản lý | C68: Tất cả nhân sự
A69: VH7 | B69: SOLUTION FOCUS, ĐỊNH HƯỚNG GIẢI PHÁP · chấm theo mức độ vi phạm
A70: VH7.1 | B70: Nhân sự báo vấn đề chậm, hoặc báo không đúng người | C70: Tất cả nhân sự
A71: VH7.2 | B71: Khi nêu vấn đề, nhân sự kể lể tình tiết và cảm xúc thay vì mô tả đúng sự việc | C71: Tất cả nhân sự
A72: VH7.3 | B72: Nhân sự nêu vấn đề mà không kèm hướng xử lý nào | C72: Tất cả nhân sự
A73: VH7.4 | B73: Nhân sự nhiều lần nói lại một vấn đề đã được cấp trên ghi nhận và đã báo thời hạn thực thi giải pháp | C73: Tất cả nhân sự
A74: VH7.5 | B74: Một vấn đề lặp lại nhiều lần mà nhân sự chỉ xử lý phần ngọn, không truy nguyên nhân gốc | C74: Tất cả nhân sự
A75: VH8 | B75: SỨ MỆNH · chấm theo mức độ vi phạm
A76: VH8.1 | B76: Khách hỏi về dự án mà nhân sự trả lời sai thông tin, trả lời dài dòng, hoặc kể hoàn cảnh cá nhân của người khác | C76: Vị trí có đầu việc tại điểm bán
A77: VH8.2 | B77: Nhân sự chủ động thuyết giảng về sứ mệnh khi khách không hỏi | C77: Vị trí có đầu việc tại điểm bán
A78: VH8.3 | B78: Nhân sự có hành vi, lời nói hoặc hình ảnh làm khách, đối tác hiểu sai rằng Công ty đang dùng người điếc/ khiếm thính như một yếu tố xin lòng trắc ẩn để bán hàng | C78: Tất cả nhân sự
A79: VH8.4 | B79: Nhân sự có hành vi hoặc lời nói phân biệt đối xử, làm hộ, tước đi quyền tự quyết và trách nhiệm công việc của đồng nghiệp người điếc/ khiếm thính | C79: Tất cả nhân sự
A80: VH8.5 | B80: Nhân sự lấy yếu tố mô hình xã hội hoặc người điếc/ khiếm thính ra làm lý do biện hộ khi sản phẩm, dịch vụ bị khách phản ánh về chất lượng | C80: Tất cả nhân sự
A81: VH8.6 | B81: Người nói và người điếc/ khiếm thính đang không hiểu nhau ngay trước mặt mà nhân sự không làm cầu nối | C81: Tất cả nhân sự
A82: VH8.7 | B82: Nhân sự truyền đạt sai giá trị hoặc sứ mệnh của Công ty cho đồng nghiệp | C82: Tất cả nhân sự
A83: TC1 | B83: GIAO TIẾP VÀ PHỐI HỢP · chấm theo mức độ vi phạm
A84: TC1.1 | B84: Nhân sự trao đổi không rõ trong phạm vi việc của mình, người khác phải hỏi lại mới hiểu | C84: Tất cả nhân sự
A85: TC1.2 | B85: Nhân sự không thông tin cho người liên quan, cho tới khi họ phải hỏi | C85: Tất cả nhân sự
A86: TC1.3 | B86: Bất đồng trong bộ phận thuộc thẩm quyền của nhân sự mà nhân sự không xử lý bằng trao đổi trực tiếp | C86: Tất cả nhân sự
A87: TC1.4 | B87: Nhân sự làm việc với bộ phận khác không trôi chảy khi hai bên có ưu tiên khác nhau | C87: Tất cả nhân sự
A88: TC3 | B88: CÔNG NGHỆ VÀ CÔNG CỤ, PHẦN CHUẨN · chấm theo mức độ vi phạm
A89: TC3.1 | B89: Nhân sự phải có người nhắc mới dùng bộ công cụ số bắt buộc của vị trí mình | C89: Tất cả nhân sự
A90: TC3.2 | B90: Nhân sự nhập dữ liệu sai chuẩn, phải sửa lại sau | C90: Tất cả nhân sự
A91: TC3.3 | B91: Nhân sự không thực hiện đúng các thao tác xử lý sự cố công cụ hoặc phần mềm cơ bản đã được hướng dẫn trong tài liệu chuẩn | C91: Tất cả nhân sự
A92: TC3.4 | B92: Nhân sự dùng kết quả do AI sinh ra mà không rà lại | C92: Tất cả nhân sự
A93: TC3.5 | B93: Nhân sự không cập nhật trạng thái công việc, báo cáo lên phần mềm và công cụ chung đúng thời gian quy định | C93: Tất cả nhân sự
A94: TC3.6 | B94: Nhân sự dùng sai công cụ cho loại việc đang làm, và không nêu được căn cứ chọn | C94: Tất cả nhân sự
A95: TC3.7 | B95: Sản phẩm nhân sự giao phải làm lại vì chưa đúng chuẩn ngay lần đầu | C95: Tất cả nhân sự
A96: TC3.8 | B96: Người khác phải hỏi thêm mới dùng lại được sản phẩm nhân sự giao | C96: Tất cả nhân sự
A97: TC6 | B97: THẤU CẢM & HÒA HỢP TRONG ĐỘI NHÓM · chấm theo mức độ vi phạm
A98: TC6.1 | B98: Nhân sự trao đổi về sai sót của một đồng nghiệp trước mặt người khác, trong khi việc đó trao đổi riêng được | C98: Tất cả nhân sự
A99: TC6.2 | B99: Đồng nghiệp nêu ý kiến khác, nhân sự phản ứng về người nêu thay vì trao đổi về nội dung ý kiến | C99: Tất cả nhân sự
A100: TC6.3 | B100: Nhân sự hối thúc hoặc đòi hỏi bộ phận khác xử lý gấp việc của mình mà bỏ qua quy trình và thời gian xử lý chuẩn đã cam kết giữa các bên | C100: Tất cả nhân sự
A101: TC6.4 | B101: Nhân sự thiếu kiên nhẫn hoặc bỏ qua việc dùng các công cụ hỗ trợ giao tiếp là viết giấy, ngôn ngữ ký hiệu, hình ảnh khi trao đổi công việc với đồng nghiệp người điếc/ khiếm thính và người nói | C101: Tất cả nhân sự
A102: NL1 | B102: NGÔN NGỮ VÀ SỨ MỆNH · chấm theo mức độ ghi nhận
A103: NL1.1 | B103: Nhân sự chào hỏi và trao đổi việc đơn giản bằng ngôn ngữ ký hiệu | C103: Tất cả nhân sự
A104: NL1.3 | B104: Nhân sự kèm được đồng nghiệp học ngôn ngữ của nhóm kia | C104: Tất cả nhân sự
A105: NL1.4 | B105: Nhân sự trao đổi công việc hằng ngày bằng ngôn ngữ ký hiệu mà không cần người phiên dịch | C105: Nhân sự người nói
A106: NL1.5 | B106: Nhân sự trao đổi được nội dung chuyên môn của vị trí mình bằng ngôn ngữ ký hiệu | C106: Nhân sự người nói
...

Sheet 📐 Nhân sự - Hành chính - Pháp 
A1: 📐 MA TRẬN CẤP BẬC · TUYẾN NHÂN SỰ - HÀNH CHÍNH - PHÁP CHẾ - KHUNG RỖNG, phần lưới chờ soạn nội dung.
A2: TUYẾN NÀY GỒM AI
B3: Các vị trí lo phần con người, phần hành chính và phần pháp chế: tuyển, xếp bậc, đánh giá, điều chuyển, đào tạo văn hóa và đào tạo kỹ năng chung, cơ sở vật chất, văn bản nội bộ, hồ sơ pháp nhân, hợp đồng và tuân thủ.
B4: Chức năng này gánh BA mảng, khi soạn lưới phải tách ba nhóm tiêu chí.
A6: CÁCH ĐỌC MA TRẬN NÀY
B7: Câu hỏi | C7: Trả lời
B8: Ma trận này trả lời câu gì | C8: Bản mô tả công việc trả lời vị trí này LÀM GÌ. Ma trận trả lời cùng một đầu việc thì BẬC NÀY KHÁC BẬC KIA Ở CHỖ NÀO.
B9: Phân bậc căn cứ vào cái gì | C9: Căn cứ vào QUYỀN TỰ QUYẾT và PHẠM VI ẢNH HƯỞNG: nội dung nào nhân sự tự quyết mà không cần trình phê duyệt, và cách làm của nhân sự tác động tới bao nhiêu người. KHÔNG căn cứ vào độ khó của công việc, vì độ khó là cảm nhận chủ quan, hai người chấm sẽ ra hai kết quả.
B10: Mỗi ô là gì | C10: Mỗi ô là MỘT câu hỏi có đúng hai câu trả lời: đạt hoặc chưa đạt. Không chấm mỗi ô theo thang điểm. Nhiều lần không làm được, hoặc làm sai, thì ô đó là chưa đạt.
B11: Các ô có cộng lại không | C11: KHÔNG. Mỗi tiêu chí là một loại quyền khác nhau, giỏi ở tiêu chí này không bù được cho việc chưa đủ ở tiêu chí kia. Nên đối chiếu từng tiêu chí, không cộng và không bù trừ.
B12: Cấp của một người xác định thế nào | C12: Tuyến này KHÔNG có thang cộng dồn, nên dùng quy tắc đa số: người đó ở một cấp khi đạt cấp đó ở đa số tiêu chí trong phạm vi, VÀ không tiêu chí nào tụt quá mức cho phép. Hai con số này nằm ở sheet Tham số.
B13: Điều kiện lên cấp là gì | C13: Là chất lượng của ĐỀ XUẤT và QUYẾT ĐỊNH ở cấp hiện tại, đủ để tin rằng bỏ lớp duyệt đi thì vẫn đúng. KHÔNG lấy việc "đã tự quyết việc X" làm điều kiện, vì ở cấp dưới nhân sự chưa bao giờ được phép làm X, viết vậy thì không ai lên cấp được.
B14: Ô ghi "Duy trì" nghĩa là gì | C14: Cấp trên không đòi thêm nội dung mới ở tiêu chí đó, chỉ đòi giữ được mức đã đạt. Ô ghi "Chưa yêu cầu" nghĩa là cấp đó chưa đòi tiêu chí này.
B15: Cấp chưa thiết lập nghĩa là gì | C15: Công ty đã nhìn thấy nhu cầu nhưng chưa tách thành vị trí riêng ở thời điểm này. Đường phát triển KHÔNG bị chặn: khi có nhân sự đạt chuẩn thì thiết lập cấp đó.
B16: Hai ngạch có ngang nhau không | C16: Có. Lead bộ phận ngang Chuyên viên, Quản lý khối ngang Chuyên gia: ngang quyền và ngang tiền. Đi ngang giữa hai ngạch là chuyển nghề, không phải lên hay xuống. Trần ngạch chuyên môn dừng ở Chuyên gia, riêng ngạch quản lý đi tiếp tới Trưởng phòng. ✅ 24/8/2026: ngạch tay nghề đã bỏ, gộp vào ngạch chuyên môn; ngạch chuyên môn nay áp cho MỌI tuyến, gồm cả sản xuất và pha chế.
B17: Ma trận này sinh ra tiền không | C17: Không. Nó sinh ra CẤP. Ban lãnh đạo nhìn hai thang chuyên môn và quản lý để quyết bổ nhiệm chức danh; chức danh nào ứng với số tiền nào do quy chế lương quy định. Cùng một cấp ở hai chức danh khác nhau ra hai mức tiền khác nhau.
